g_key,i_key,ra,dec,g_mag,i_mag,color,mag_err,match_distance
20251017135-101,20251017135-812,260.0299940456272,57.92885481046764,17.29784890817261,16.15353652783203,1.1443123803405797,0.018051328999999998,1.5710942299895427e-05
20251017135-101,20251017135-812,259.9400644194979,58.103645735143175,14.042140908172609,13.55284452783203,0.4892963803405781,0.007940283499999999,8.730018425456874e-05
20251017135-101,20251017135-812,259.81908581997754,57.94471253825441,15.849893908172609,15.29238252783203,0.5575113803405785,0.014867815999999999,0.00020851049321550646
20251017135-101,20251017135-812,259.8622056467444,57.98918607988969,10.78962590817261,10.247727527832032,0.5418983803405784,0.018066643,0.00011574643210945146
20251017135-101,20251017135-812,259.93032415812627,58.072684358437265,16.75093190817261,16.16066352783203,0.5902683803405822,0.0153480863,7.186348520222738e-05
20251017135-101,20251017135-812,259.8857090556296,58.012142029018705,14.47874990817261,14.17211252783203,0.30663738034057886,0.0050797456,0.00011690020898214722
20251017135-101,20251017135-812,259.95454053440346,58.07548307420846,18.50365790817261,17.22920452783203,1.274453380340578,0.045316738,9.890961617179784e-05
20251017135-101,20251017135-812,259.89487390816305,58.000453199630506,16.804193908172607,15.90838302783203,0.8958108803405764,0.017815130999999998,0.00010567636087778218
20251017135-101,20251017135-812,259.8977285187095,57.979588390168416,17.93093690817261,16.56921252783203,1.3617243803405827,0.033210979,0.00012454519449900387
20251017135-101,20251017135-812,259.9644053751132,58.05140535355888,16.259184908172607,15.39839652783203,0.8607883803405763,0.0103644037,7.524120001578062e-05
20251017135-101,20251017135-812,259.99387119793994,58.08049102033047,17.20280990817261,16.57483052783203,0.6279793803405802,0.018886324000000003,8.442724653736055e-05
20251017135-101,20251017135-812,259.94787781762284,58.021333816997284,18.28774290817261,17.20059852783203,1.087144380340579,0.035090751,8.576065568709237e-05
20251017135-101,20251017135-812,259.9615811501247,58.02443419764438,16.28651290817261,15.37802452783203,0.9084883803405805,0.011351816300000001,5.6355644769455395e-05
20251017135-101,20251017135-812,259.9707860875854,58.03109357410072,13.29848990817261,12.87941252783203,0.4190773803405783,0.0038893037,4.627575056844035e-05
20251017135-101,20251017135-812,259.92656245487876,57.97715118283996,17.757333908172612,16.36549052783203,1.3918433803405819,0.025759333000000002,0.00010649185011977414
20251017135-101,20251017135-812,259.8999944034024,57.94138426741169,17.970245908172608,16.636073527832032,1.3341723803405756,0.032077086,0.00010059318889184419
20251017135-101,20251017135-812,259.8896713346842,57.926188243742736,17.94474190817261,17.13910252783203,0.8056393803405797,0.054864256,0.00014908439888495676
20251017135-101,20251017135-812,259.9408247938579,57.98326308805832,14.81370190817261,14.16783552783203,0.6458663803405784,0.0056535672,7.053751055677968e-05
20251017135-101,20251017135-812,259.93635400651306,57.96030880488533,17.65003690817261,16.14438752783203,1.5056493803405786,0.02410284,8.909635721679746e-05
20251017135-101,20251017135-812,259.9837836625601,58.01245277506159,16.27502490817261,15.54592652783203,0.7290983803405808,0.0091360395,6.517793977083362e-05
20251017135-101,20251017135-812,260.0354819766188,58.07605034394665,18.25741090817261,17.45211852783203,0.8052923803405783,0.036464380000000005,0.00011269814825519977
20251017135-101,20251017135-812,260.01238015001104,58.04607688900674,17.81655790817261,17.19256152783203,0.6239963803405786,0.0324776135,7.402334147908404e-05
20251017135-101,20251017135-812,259.9658374700075,57.988301561385796,18.033353908172607,16.760676527832032,1.2726773803405749,0.0291466875,9.477753964063569e-05
20251017135-101,20251017135-812,259.9311381383543,57.942607263155125,18.40857790817261,17.265143027832032,1.1434348803405783,0.042947974,9.576817119871187e-05
20251017135-101,20251017135-812,259.93638810189293,57.946323545929054,16.68763190817261,15.968125527832031,0.7195063803405777,0.015975599,8.696731886539533e-05
20251017135-101,20251017135-812,259.96851426549335,57.98082544346535,16.78819090817261,15.264017527832031,1.524173380340578,0.0136581739,6.882275813334599e-05
20251017135-101,20251017135-812,259.9438356376262,57.948936327283484,17.01778890817261,16.21676602783203,0.8010228803405788,0.019253392,7.716433427684994e-05
20251017135-101,20251017135-812,259.92135323618027,57.915791751374016,18.181613908172608,16.96939452783203,1.2122193803405779,0.054599316999999994,0.00010725079782305441
20251017135-101,20251017135-812,259.94070687124486,57.93894402160346,17.07683040817261,16.197230527832033,0.879599880340578,0.021482267,8.648901130164184e-05
20251017135-101,20251017135-812,259.93796092117213,57.92067954335421,18.135698908172607,16.91686402783203,1.2188348803405766,0.039416281,0.00012255864043226737
20251017135-101,20251017135-812,260.0325115898646,58.03288782226964,16.42053590817261,15.875428527832032,0.5451073803405784,0.0106508353,8.917641201712918e-05
20251017135-101,20251017135-812,260.04908827593397,58.05351866235415,18.48817390817261,17.19231352783203,1.295860380340578,0.039914924,0.0001275765158608467
20251017135-101,20251017135-812,259.9967095975559,57.9666956263963,17.26217490817261,16.21242952783203,1.0497453803405818,0.0213924435,4.242106670462583e-05
20251017135-101,20251017135-812,260.0170478512922,57.98896662760665,16.83683490817261,17.14730752783203,-0.3104726196594214,0.025829767,7.180291069484522e-05
20251017135-101,20251017135-812,260.0031739057927,57.96852864095521,15.918913908172609,15.01573052783203,0.9031833803405789,0.008624896,2.542937020472963e-05
20251017135-101,20251017135-812,260.01646074028395,57.985714835689166,17.80172490817261,16.35879102783203,1.4429338803405791,0.024850628,3.21272166188713e-05
20251017135-101,20251017135-812,259.99527071979185,57.955880442529256,17.58382690817261,16.22610652783203,1.3577203803405808,0.018560158,4.244760748026706e-05
20251017135-101,20251017135-812,259.99121594950805,57.94961691269418,18.07322190817261,16.87921652783203,1.194005380340581,0.0303993445,5.57223098752545e-05
20251017135-101,20251017135-812,260.0235221980632,57.96472373230335,17.99462590817261,16.81595852783203,1.1786673803405776,0.032435805,9.150990127261773e-05
20251017135-101,20251017135-812,259.9931977617729,57.91224951016333,16.31373490817261,15.414409527832031,0.8993253803405779,0.014550203000000001,5.4973097949994304e-05
20251017135-101,20251017135-812,260.03433792786973,57.95956115639095,18.43997590817261,16.64190952783203,1.798066380340579,0.030507754,3.525218808105576e-05
20251017135-101,20251017135-812,260.0240105968485,57.93995351351356,17.40356190817261,16.265947527832033,1.137614380340576,0.0191283335,4.9042450406086074e-05
20251017135-101,20251017135-812,260.0065226885457,57.91179827603908,16.67546990817261,15.10839952783203,1.5670703803405779,0.0139727765,3.978664927792811e-05
20251017135-101,20251017135-812,260.0707941065658,57.98398643921564,18.12192390817261,16.97558452783203,1.1463393803405815,0.042753842,7.72576868583119e-05
20251017135-101,20251017135-812,260.00273601714275,57.896379624595745,17.85795990817261,16.604457527832032,1.2535023803405778,0.031418388,5.4197886281261444e-05
20251017140-542,20251017141-300,259.86635475356854,57.77482470985227,13.373140967407227,12.332140793243408,1.0410001741638197,0.0099203807,0.00018587588410820164
20251017140-542,20251017141-300,259.9471690952157,57.87214411763142,14.760694967407227,13.812213793243409,0.9484811741638186,0.0071713515,0.0002821241003091889
20251017140-542,20251017141-300,259.8571535098828,57.745345029655624,14.412369967407226,13.71260279324341,0.6997671741638172,0.0141736794,0.00024270475578504883
20251017140-542,20251017141-300,259.6834968455567,57.81595048141027,15.849718967407227,15.456318793243408,0.3934001741638191,0.014869805,0.0003434723897586285
20251017140-542,20251017141-300,259.6731115852531,57.79698499453469,13.479165467407226,13.168417793243409,0.3107476741638173,0.0115949879,0.00037110184126056326
20251017140-542,20251017141-300,259.7022218468699,57.83095272606914,17.474884967407228,16.39044279324341,1.0844421741638186,0.029312480000000002,0.0003818174373068881
20251017140-542,20251017141-300,259.71550929498244,57.83513130480951,15.132994967407226,14.432872293243408,0.7001226741638185,0.010076897000000001,0.0002784453379263436
20251017140-542,20251017141-300,259.81897586961435,57.944607632764075,15.889026967407226,15.502978793243408,0.3860481741638182,0.017409667400000002,0.00016105202326792368
20251017140-542,20251017141-300,259.68901203030555,57.77916769504715,16.831010967407227,16.31407679324341,0.5169341741638185,0.029854083,0.0003186658586775489
20251017140-542,20251017141-300,259.73030767264015,57.82039875189349,17.567790967407227,16.46529079324341,1.1025001741638185,0.03505959,0.00027688418876961666
20251017140-542,20251017141-300,259.7426848602515,57.81588519423406,17.899747967407226,16.639734793243406,1.26001317416382,0.044981366,0.0001856411210215504
20251017140-542,20251017141-300,259.72907701586377,57.79235601116646,17.760349967407226,16.936831793243407,0.8235181741638193,0.044361865,0.00019103792112752687
20251017140-542,20251017141-300,259.8367436544438,57.92166331027449,17.308940967407224,16.34991679324341,0.9590241741638152,0.0221944295,9.176205925528845e-05
20251017140-542,20251017141-300,259.8059775095803,57.87581262074784,17.965840967407225,16.639954793243408,1.3258861741638164,0.032264532,7.617130349082633e-05
20251017140-542,20251017141-300,259.78117236147796,57.814259425469615,15.434596467407227,14.695079293243408,0.7395171741638187,0.0092057041,0.00011491224047466149
20251017140-542,20251017141-300,259.8503460259665,57.90267558660773,17.565285967407227,16.66105979324341,0.9042261741638171,0.021805537,8.312254103222283e-05
20251017140-542,20251017141-300,259.86434609402215,57.91580880523224,15.926164967407226,15.574999293243408,0.35116567416381805,0.0112439231,0.00011284490822724815
20251017140-542,20251017141-300,259.8542730693819,57.879402241306195,12.720598967407227,11.768541793243408,0.9520571741638193,0.0054655683,4.304894628082367e-05
20251017140-542,20251017141-300,259.8357371381829,57.855494964101894,16.53768296740723,15.963419793243409,0.5742631741638196,0.012500342000000001,9.426687198220956e-06
20251017140-542,20251017141-300,259.77515653144235,57.776297338988066,17.839291967407227,16.66227479324341,1.1770171741638187,0.046869641000000004,0.00014414580544931408
20251017140-542,20251017141-300,259.77344537947016,57.77346057198588,17.770003967407227,16.548387793243407,1.2216161741638203,0.043031354,9.699304529781143e-05
20251017140-542,20251017141-300,259.8539750281503,57.8399435367673,15.529251967407227,14.775699793243408,0.7535521741638185,0.011888187,7.366052932363952e-05
20251017140-542,20251017141-300,259.8583385069293,57.838927585584145,13.052116967407226,12.226398793243408,0.8257181741638178,0.0047884183,8.810307450087242e-05
20251017140-542,20251017141-300,259.86584310691626,57.84737280816044,13.589713967407226,13.122000793243409,0.4677131741638174,0.0046654686,9.415270226248334e-05
20251017140-542,20251017141-300,259.90604526015954,57.89509994707559,16.745587967407225,15.622599793243408,1.122988174163817,0.018436889,0.00019170763179670043
20251017140-542,20251017141-300,259.91651609899196,57.90687199655375,18.100642967407225,16.848194793243408,1.252448174163817,0.030896875499999997,0.00012107985224133504
20251017140-542,20251017141-300,259.90901979973535,57.893482171231526,17.697634967407225,16.240598793243407,1.457036174163818,0.027261031999999998,0.000181815718502579
20251017140-542,20251017141-300,259.8293015895655,57.776137795734456,16.87067096740723,15.326626293243407,1.5440446741638212,0.018182393499999998,0.00013604929053664974
20251017140-542,20251017141-300,259.9012649766464,57.85691154536929,17.844499967407227,16.48207579324341,1.3624241741638166,0.043611444,0.00018351136584926733
20251017140-542,20251017141-300,259.86179526305955,57.7994472206134,11.734118967407227,10.756265793243408,0.977853174163819,0.0159346945,0.0001342741505575949
20251017140-542,20251017141-300,259.8938961774827,57.841167390758514,17.08795196740723,15.935318793243407,1.152633174163821,0.015971574500000002,0.00016516991349615774
20251017140-542,20251017141-300,259.92435277520235,57.87204670912104,17.361055967407225,16.02491279324341,1.3361431741638157,0.019012116,0.00024131162477481068
20251017140-542,20251017141-300,259.71100904340454,57.87309129370243,16.906416967407225,16.33842179324341,0.5679951741638156,0.025426943,0.0002639110164937719
20251017140-542,20251017141-300,259.7398316266724,57.90373196569955,18.15187296740723,17.02479479324341,1.1270781741638203,0.045553294,0.000316110999309956
20251017142-022,20251017142-734,260.41141513521643,58.08265557876827,15.387771504638671,13.208638722869871,2.1791327817688,0.0061671569,0.0002565652522349367
20251017142-022,20251017142-734,260.3072008802202,57.95447842368882,16.46078950463867,15.962674722869872,0.49811478176879653,0.0148595385,0.000722013051386706
20251017142-022,20251017142-734,260.1668335806941,58.077601681779356,17.03486950463867,16.15311972286987,0.8817497817688,0.018966746,0.00025294053159640004
20251017142-022,20251017142-734,260.0923478730306,57.97379186440463,10.98251650463867,9.653490722869872,1.3290257817687987,0.022692635,0.00041752031285603063
20251017142-022,20251017142-734,260.12020257579775,58.01731153882748,17.30658600463867,16.54900872286987,0.7575772817687998,0.026567379000000002,0.0001502437861564124
20251017142-022,20251017142-734,260.21457649151586,58.12793650649901,16.824502504638673,16.24611272286987,0.5783897817688022,0.0163188683,0.0006650450375493366
20251017142-022,20251017142-734,260.17111896730654,58.07040759685239,17.71298150463867,15.929433722869872,1.7835477817687977,0.026258475000000003,0.0002042771258769353
20251017142-022,20251017142-734,260.1234986550559,58.00004169689271,16.94400000463867,16.245451722869873,0.6985482817687974,0.023128235,0.000285141647545423
20251017142-022,20251017142-734,260.15705949634315,58.036639991801415,11.369157504638672,10.328242722869872,1.0409147817687998,0.012805384999999999,6.317564312641439e-05
20251017142-022,20251017142-734,260.11197311346154,57.980831126924826,17.047693504638673,16.39878972286987,0.6489037817688015,0.024828338,0.00037432290592269223
20251017142-022,20251017142-734,260.10795874179956,57.973916771278056,15.47644400463867,14.882177722869871,0.5942662817687996,0.016216975,0.0004898522127945848
20251017142-022,20251017142-734,260.120852420965,57.98568179361446,15.584807504638672,15.118235722869871,0.4665717817688009,0.0098004634,0.0003754611905584125
20251017142-022,20251017142-734,260.1636386494745,58.02958009510142,17.75366150463867,16.944210722869872,0.809450781768799,0.033854272000000005,4.480414528662027e-05
20251017142-022,20251017142-734,260.19452304300546,58.05957519720834,14.060518004638672,13.64016972286987,0.4203482817688009,0.0044917077,0.00016144805767928213
20251017142-022,20251017142-734,260.1449184879037,57.999063706063566,18.11214550463867,16.85579272286987,1.256352781768797,0.035261983,0.00031109119019297226
20251017142-022,20251017142-734,260.2044517123884,58.069976562006346,15.760207504638672,15.453261722869872,0.3069457817687997,0.0122585686,0.0002347352402330441
20251017142-022,20251017142-734,260.1845915375716,58.04541749418134,16.58087800463867,15.742130722869872,0.8387472817687982,0.0124700817,5.856089263415053e-05
20251017142-022,20251017142-734,260.1923213199715,58.041666876430966,17.62197850463867,16.640336722869872,0.981641781768797,0.024138332999999998,7.575400928182358e-06
20251017142-022,20251017142-734,260.1559003274508,57.98677260077338,17.52975950463867,16.097947722869872,1.431811781768797,0.023016023,0.0003950800118703046
20251017142-022,20251017142-734,260.1742680405767,58.0068303198193,17.387998504638674,15.916127722869872,1.4718707817688017,0.026479122,0.0002457808955319775
20251017142-022,20251017142-734,260.1677241025901,57.96604208575342,17.27937350463867,16.654064722869872,0.6253087817687977,0.031377398,0.0006470203551611753
20251017142-022,20251017142-734,260.2588390611178,58.0745129656832,16.82861850463867,15.982568722869871,0.846049781768798,0.015062189,0.0002288654432535808
20251017142-022,20251017142-734,260.199079390856,57.99871080568995,17.792197504638672,16.471164722869872,1.3210327817687997,0.03001488,0.00031403256013679714
20251017142-022,20251017142-734,260.1676755728472,57.95912003540967,17.03089950463867,15.464247722869871,1.5666517817687975,0.024409988,0.0006411374043591153
20251017142-022,20251017142-734,260.23555217543594,58.026838000272775,14.217337504638671,13.335142222869871,0.8821952817687997,0.0039935467,0.0001147626336704797
20251017142-022,20251017142-734,260.21691323935056,57.99655782467368,17.93784350463867,16.65752872286987,1.2803147817688014,0.027671796,0.00037131432048121706
20251017142-022,20251017142-734,260.3157808407881,58.10494551684748,16.515354504638672,15.053159722869871,1.462194781768801,0.009866053699999999,0.00043893855814473404
20251017142-022,20251017142-734,260.2187036440788,57.98053827222223,16.67225950463867,16.104697722869872,0.5675617817687986,0.0154090567,0.0004544843641956692
20251017142-022,20251017142-734,260.31897816430205,58.09798894000624,17.988584504638673,16.99897972286987,0.9896047817688043,0.040241483,0.0004277440131865022
20251017142-022,20251017142-734,260.2645074554349,58.02478872721083,14.35466850463867,14.006840722869871,0.3478277817687996,0.0051996845,0.00012889992216913289
20251017142-022,20251017142-734,260.2212120414224,57.96902454186234,17.58347350463867,17.04814822286987,0.5353252817687988,0.043626546,0.0005948890749149493
20251017142-022,20251017142-734,260.2918534878655,58.04220137726538,16.319211504638673,15.422015722869872,0.8971957817688008,0.0105649807,7.422836111979597e-05
20251017142-022,20251017142-734,260.31494177365005,58.070896446008994,17.96146550463867,16.874891722869872,1.0865737817687986,0.036688247,0.00021677825415426777
20251017142-022,20251017142-734,260.30014772173286,58.042858502547304,15.921406504638671,15.278305722869872,0.6431007817687995,0.011508187,6.0943115101605434e-05
20251017142-022,20251017142-734,260.35201121192176,58.10517615312505,16.86296050463867,15.644571722869872,1.2183887817688,0.013906469099999999,0.00043732085819691224
20251017142-022,20251017142-734,260.34821010164893,58.07242806746066,15.42486350463867,14.940024722869872,0.4848387817687989,0.007465263999999999,0.0002178543940165421
20251017142-022,20251017142-734,260.32053782551253,58.020371544820264,11.712893504638672,11.364255722869872,0.3486377817687991,0.0075565485,0.00015869554619596022
20251017142-022,20251017142-734,260.30334850970064,58.002781460382565,16.67132650463867,16.141176722869872,0.5301497817687988,0.0184639607,0.0003478077033794158
20251017142-022,20251017142-734,260.2646809974013,57.952279771066216,17.75002250463867,16.45678172286987,1.2932407817688016,0.0314612435,0.0007222233458972659
20251017142-022,20251017142-734,260.3536991651257,58.06036516348685,17.75098550463867,17.16938472286987,0.5816007817687989,0.028052977,0.00014382047446879633
20251017142-022,20251017142-734,260.3332058997926,58.021975391295086,16.38704650463867,15.704664722869872,0.6823817817687967,0.011735458,0.00021509098688800453
20251017142-022,20251017142-734,260.3087778294642,57.99166859640198,15.82361150463867,15.13391072286987,0.6897007817687992,0.007734089499999999,0.0004276585188047181
20251017142-022,20251017142-734,260.35316272413905,58.04023945870962,17.068446504638672,16.33154072286987,0.736905781768801,0.014942118,0.00010318244211387596
20251017142-022,20251017142-734,260.3658482208822,58.03866320574239,17.83398050463867,16.67097572286987,1.1630047817688016,0.026068979,0.00012963511619285933
20251017142-022,20251017142-734,260.1322091368901,58.04392915286259,17.00382850463867,16.24500372286987,0.7588247817687979,0.023562626000000003,4.6116697899048336e-05
20251017143-456,20251017144-208,260.22397965187736,57.91113031136817,18.141816545684815,17.0054542199707,1.1363623257141136,0.0282931905,6.0814947775214645e-05
20251017143-456,20251017144-208,259.9932783140145,57.91213705589556,16.429040545684813,15.4984652199707,0.9305753257141127,0.013828665,5.823566082660817e-05
20251017143-456,20251017144-208,260.02409997119435,57.93981378931157,17.502372545684814,16.308882219970698,1.1934903257141158,0.022137340999999998,8.239322106114257e-05
20251017143-456,20251017144-208,260.00661859302755,57.911670817122435,16.787048545684815,15.171607219970701,1.615441325714114,0.011529182,5.137764829271791e-05
20251017143-456,20251017144-208,260.00284206646495,57.89624747761656,17.987423545684813,16.650629219970703,1.3367943257141093,0.02969046,8.23593751681056e-05
20251017143-456,20251017144-208,260.0300970523318,57.92869857826945,17.406686545684813,16.2130692199707,1.193617325714115,0.018491158,6.3669438864722e-05
20251017143-456,20251017144-208,259.9656251102609,57.84351520090468,13.791462545684814,13.1075512199707,0.6839113257141136,0.0066367982,0.00011108035059900847
20251017143-456,20251017144-208,260.07124685419365,57.961799266568114,16.760074545684816,15.7646582199707,0.9954163257141158,0.0131957741,8.001475745314042e-05
20251017143-456,20251017144-208,260.0922886779568,57.97380509579855,12.072791545684815,10.412969219970702,1.6598223257141136,0.031595821999999996,0.00010111414720953016
20251017143-456,20251017144-208,260.091446626352,57.96720037860508,17.654458545684815,16.349392219970703,1.3050663257141117,0.059121723,0.00034844729755532044
20251017143-456,20251017144-208,259.99017329707095,57.83488258247678,17.709535545684815,16.2604782199707,1.449057325714115,0.02607027,8.51126501700484e-05
20251017143-456,20251017144-208,260.10789866720313,57.97388880541439,15.557511545684815,14.892851219970701,0.664660325714113,0.020423138,0.00011406469351536784
20251017143-456,20251017144-208,259.98205602988196,57.814492179753316,17.778934545684812,17.0365172199707,0.7424173257141113,0.034388028,0.00014468891517650012
20251017143-456,20251017144-208,260.0222957693651,57.86232395125605,13.598563545684815,12.698814219970702,0.8997493257141134,0.005051744,8.117741441416645e-05
20251017143-456,20251017144-208,260.0779188911398,57.92473424560359,16.493644545684816,15.6985262199707,0.7951183257141157,0.012728937400000001,3.458839617426372e-05
20251017143-456,20251017144-208,260.04455947726933,57.87114071547289,16.649630545684815,16.0647612199707,0.5848693257141164,0.014726728,6.822822671076476e-05
20251017143-456,20251017144-208,260.1140774343591,57.94781401460314,18.050962545684815,16.8353422199707,1.2156203257141165,0.026946279,0.0001265307641874117
20251017143-456,20251017144-208,260.0672227052063,57.88220095143022,17.979502545684817,16.7914252199707,1.188077325714115,0.037728357000000004,4.4009125956259615e-05
20251017143-456,20251017144-208,260.0563478825652,57.86643086518619,18.067375545684815,16.8438802199707,1.223495325714115,0.037498023000000005,6.515747883072964e-05
20251017143-456,20251017144-208,260.0723880405899,57.87104927405625,14.397822545684814,13.846937219970702,0.5508853257141126,0.004314611899999999,7.69531626446912e-05
20251017143-456,20251017144-208,260.0314386038558,57.81710696837894,13.276436545684815,12.7734542199707,0.5029823257141146,0.0068351107,0.00012957723902865212
20251017143-456,20251017144-208,260.12788229409125,57.932022683331894,12.274387545684815,11.127245219970701,1.147142325714114,0.0085086758,6.544661347547017e-05
20251017143-456,20251017144-208,260.032304982748,57.81229913701969,15.786646545684814,14.8649232199707,0.9217233257141135,0.0132658724,0.00011345915480545704
20251017143-456,20251017144-208,260.02749993616214,57.803507645716266,17.404546545684816,16.8219402199707,0.5826063257141172,0.0328633635,0.0001299172084266273
20251017143-456,20251017144-208,260.1221112269345,57.92017732228408,17.490033545684817,17.1828032199707,0.3072303257141158,0.027924137,7.919231771303029e-05
20251017143-456,20251017144-208,260.12975945923023,57.92524418411328,13.878110545684814,13.2765492199707,0.6015613257141137,0.0053989067,3.116797106463429e-05
20251017143-456,20251017144-208,260.0775674917047,57.85510842286135,16.590737045684815,16.1240832199707,0.46665382571411484,0.0145804946,7.617432668423e-05
20251017143-456,20251017144-208,260.10684239915054,57.88459189953349,11.757908545684815,11.292477219970701,0.46543132571411405,0.0103312635,4.9466548874632414e-05
20251017143-456,20251017144-208,260.16771991493,57.95905939182459,17.040632545684815,15.451074219970701,1.5895583257141137,0.0179789334,0.00011874247012928737
20251017143-456,20251017144-208,260.1363323772173,57.915348673606076,15.582702545684814,14.896037219970701,0.6866653257141131,0.008354977,1.8977548001203556e-05
20251017143-456,20251017144-208,260.1177219322827,57.88500467276476,11.993449545684815,11.476236219970701,0.5172133257141134,0.0095504357,5.319834484811062e-05
20251017143-456,20251017144-208,260.1423388539264,57.90364757414277,16.274449045684815,15.661702219970701,0.6127468257141135,0.009774819,3.936057827830464e-05
20251017143-456,20251017144-208,260.1553369763577,57.91609759277033,17.542508545684814,17.0755562199707,0.4669523257141144,0.026119773,2.6677502771001243e-05
20251017143-456,20251017144-208,260.08801127293907,57.82422668818113,18.016314545684814,16.7658972199707,1.250417325714114,0.030766848,7.253467336865839e-05
20251017143-456,20251017144-208,260.14248178622836,57.89214451073225,17.957395545684815,16.6017342199707,1.355661325714113,0.0287702465,4.1572331992943934e-05
20251017143-456,20251017144-208,260.06909566543993,57.788919347327074,16.995042545684814,15.8259642199707,1.1690783257141142,0.023795361,9.479991614952885e-05
20251017143-456,20251017144-208,260.1209346019783,57.847510047471154,15.239050545684815,14.7359352199707,0.5031153257141145,0.0065679477,7.064949288475998e-05
20251017143-456,20251017144-208,260.0744966805787,57.78647758138344,17.375439545684813,16.0685242199707,1.3069153257141117,0.028403977,0.00011185810445871224
20251017143-456,20251017144-208,260.13687702041744,57.8621592928875,17.477624545684815,15.885593219970701,1.5920313257141139,0.019417066,1.3021824648954149e-05
20251017143-456,20251017144-208,260.14304017094764,57.86559917213077,16.817394545684813,16.3124932199707,0.504901325714112,0.015546497999999999,3.946045181810258e-05
20251017143-456,20251017144-208,260.13975397159794,57.83875140627754,18.048434545684813,16.6706002199707,1.3778343257141117,0.024578849,9.12002478675886e-05
20251017143-456,20251017144-208,260.1867267975463,57.89067982423379,17.013866545684813,15.2940162199707,1.7198503257141127,0.012261472700000001,1.0412739031599097e-05
20251017143-456,20251017144-208,260.22088192167087,57.932627291741305,17.742747545684814,16.209341219970703,1.533406325714111,0.0293630545,6.537000561354776e-05
20251017143-456,20251017144-208,260.1208004658399,57.79614172721426,13.909177545684814,13.324071719970702,0.5851058257141126,0.007601492,0.00013449873084392166
20251017143-456,20251017144-208,260.21496301545164,57.91368488044549,15.345579545684815,14.787941219970701,0.5576383257141142,0.0076709453,2.1732791718466426e-05
20251017144-929,20251017145-642,260.6027052992766,58.03283500732529,16.413905134094236,14.923839708221436,1.4900654258727997,0.0133808115,3.7729374980351936e-05
20251017144-929,20251017145-642,260.478821717351,57.87752961485681,13.906377134094239,13.250792708221438,0.6555844258728012,0.0070602765000000005,0.00014048785372075044
20251017144-929,20251017145-642,260.50288357784393,57.904220028902216,18.04529513409424,16.46314870822144,1.5821464258728,0.0257686035,0.00012755252435076397
20251017144-929,20251017145-642,260.3953027577313,58.058945921337866,16.833368134094236,16.269492708221435,0.5638754258728014,0.02182878,0.00015856906766266245
20251017144-929,20251017145-642,260.2953269066095,57.91536906673649,17.87273313409424,17.004838708221435,0.8678944258728052,0.046575147,4.648875791042334e-05
20251017144-929,20251017145-642,260.36192202470784,57.99542286739677,16.56764013409424,16.060950708221437,0.5066894258728034,0.0166867297,0.00011659069777887829
20251017144-929,20251017145-642,260.3910066621731,58.02036195867802,16.58960513409424,16.109111708221437,0.4804934258728011,0.0134975117,0.00013073984292406052
20251017144-929,20251017145-642,260.34437583616557,57.96019761271524,17.668953134094238,16.269067708221435,1.399885425872803,0.022630862,0.0001821514735069496
20251017144-929,20251017145-642,260.378534525197,57.99233230077807,14.789192134094238,14.208201708221438,0.5809904258728,0.0056962534,7.951915212947195e-05
20251017144-929,20251017145-642,260.337542414214,57.93462844590523,15.331184134094238,14.665552708221437,0.6656314258728013,0.0082772078,6.359209271031783e-05
20251017144-929,20251017145-642,260.44098637081527,58.05885115045021,13.765675134094238,13.033055708221436,0.7326194258728016,0.0046811044,9.804074650763772e-05
20251017144-929,20251017145-642,260.3382444980483,57.93069486220119,16.37006513409424,15.657078708221437,0.7129864258728027,0.0161004038,7.985993832828668e-05
20251017144-929,20251017145-642,260.3828832205859,57.98285310900039,16.239961134094237,15.668787708221437,0.5711734258728001,0.0106322455,9.931286384508394e-05
20251017144-929,20251017145-642,260.452354367913,58.05147752812907,17.01226613409424,16.237052708221437,0.7752134258728027,0.016492318,0.0001005133384092698
20251017144-929,20251017145-642,260.3743633332591,57.937562910654634,16.64328513409424,16.202684708221437,0.4406004258728018,0.015725722,7.462045837691795e-05
20251017144-929,20251017145-642,260.4590142583638,58.02953017086061,16.46942413409424,15.951734708221437,0.5176894258728026,0.0148079177,7.680725207280981e-05
20251017144-929,20251017145-642,260.4209535736819,57.98112469432802,17.102005134094238,16.519563708221437,0.5824414258728012,0.016852159999999998,7.49905876309946e-05
20251017144-929,20251017145-642,260.4786316184568,58.04898043724639,17.186363134094236,16.485524708221437,0.7008384258727993,0.028846793,4.8355226588878005e-05
20251017144-929,20251017145-642,260.48920411021766,58.050572763539506,13.296170134094238,12.793769708221436,0.5024004258728016,0.0044726315,6.834678549744203e-05
20251017144-929,20251017145-642,260.4921438781149,58.04389899391235,14.358577134094238,13.341238708221438,1.0173384258728007,0.004994624600000001,5.188399255117523e-05
20251017144-929,20251017145-642,260.4615372998011,57.993159129003104,16.99488113409424,15.296522708221437,1.6983584258728026,0.011532043,3.5978781575001096e-05
20251017144-929,20251017145-642,260.4321182405008,57.953438229253436,17.718744134094237,16.513166708221437,1.2055774258728,0.022846725499999998,3.1882411689002236e-05
20251017144-929,20251017145-642,260.3973850006951,57.895634281365474,15.782524134094238,15.203847708221437,0.5786764258728017,0.0108540754,8.550859201533493e-05
20251017144-929,20251017145-642,260.43295054008576,57.9204062902833,17.361872134094238,16.041491708221436,1.320380425872802,0.021380075499999998,5.223397815562016e-05
20251017144-929,20251017145-642,260.5292903603852,58.037887473930894,17.36531513409424,16.79660670822144,0.5687084258727992,0.029272467,5.7625064693938694e-05
20251017144-929,20251017145-642,260.5327903984966,58.03832663602607,15.923937134094238,15.111638708221436,0.8122984258728021,0.0090584495,3.6694141663672205e-05
20251017144-929,20251017145-642,260.457269865342,57.9332069108075,17.80046513409424,16.410696708221437,1.389768425872802,0.021083416,5.572014371301658e-05
20251017144-929,20251017145-642,260.4748617337548,57.952671290776465,14.029263134094238,13.405936708221438,0.6233264258728006,0.0038828694,5.240562362024867e-05
20251017144-929,20251017145-642,260.5331783199033,58.02056740383958,18.16010113409424,16.30465570822144,1.8554454258728015,0.038279232,4.632536906197335e-05
20251017144-929,20251017145-642,260.48162132228674,57.93820852628877,16.83288313409424,16.328051708221437,0.5048314258728013,0.018182278,5.0760008241332376e-05
20251017144-929,20251017145-642,260.44761127184313,57.89455722620981,17.642237134094238,16.55960870822144,1.082628425872798,0.031945063999999995,9.995393580212182e-05
20251017144-929,20251017145-642,260.5395908848436,57.99135168275374,14.207656134094238,13.596805708221437,0.6108504258728011,0.004531028,3.822691689528193e-05
20251017144-929,20251017145-642,260.4925128749585,57.93436788624766,17.698681134094237,16.432307708221437,1.2663734258727999,0.021887326,7.966671960253737e-05
20251017144-929,20251017145-642,260.5080095082484,57.93390851701855,13.225904134094238,12.770235708221437,0.4556684258728012,0.0046629924000000005,9.242135391551585e-05
20251017144-929,20251017145-642,260.36595754320024,58.038728456979186,17.78438113409424,16.675208708221437,1.1091724258728028,0.030001877,0.0001302194333924882
20251017144-929,20251017145-642,260.3073333679773,57.9545512611209,16.514893134094237,16.057010708221437,0.4578824258727998,0.0165140977,8.560349429544073e-05
20251017150-403,20251017151-115,260.41360692020714,57.849144920330296,17.103610575195315,16.608146238708493,0.49546433648682253,0.019167646,0.0003246460667888125
20251017150-403,20251017151-115,260.2151735032726,57.87376255717246,17.893593575195315,16.981918238708495,0.9116753364868195,0.030157785,6.225168952871159e-05
20251017150-403,20251017151-115,260.2149703804796,57.86511661426283,16.067179575195315,14.959205238708494,1.107974336486821,0.0091162448,9.228558876226027e-05
20251017150-403,20251017151-115,260.1554846751807,57.78832096906542,17.048827575195315,16.462732238708494,0.5860953364868209,0.023124501999999998,0.00010115777508128994
20251017150-403,20251017151-115,260.21249734167816,57.852698215013675,18.292257575195315,17.226260238708495,1.06599733648682,0.05070249,5.843454136643948e-05
20251017150-403,20251017151-115,260.18211353941444,57.81236115245653,17.151544575195317,15.604356238708494,1.5471883364868226,0.0152430104,2.1832704081963187e-05
20251017150-403,20251017151-115,260.16755831889543,57.78539246721848,18.248252575195316,17.085354738708496,1.1628978364868203,0.052538922,4.3960220903415514e-05
20251017150-403,20251017151-115,260.2184576982769,57.84578656193989,15.818826575195315,15.266702238708495,0.5521243364868198,0.0099363168,4.7841974442546854e-05
20251017150-403,20251017151-115,260.2688038898296,57.895314557799324,17.367517575195315,16.490341238708496,0.8771763364868193,0.027505941,0.00015431644098593718
20251017150-403,20251017151-115,260.27640420779784,57.90290951729427,17.043365575195317,15.942280738708494,1.101084836486823,0.019085432,0.00016366778512136583
20251017150-403,20251017151-115,260.27020300023366,57.892879038787235,16.007451575195315,15.130330238708494,0.8771213364868213,0.010578356,0.0001450038694977563
20251017150-403,20251017151-115,260.295685040844,57.91517566152815,17.785337575195314,16.821431238708495,0.9639063364868186,0.036721569999999995,6.068579502562591e-05
20251017150-403,20251017151-115,260.25460188290845,57.85616760118276,17.043405575195315,16.181310238708495,0.8620953364868207,0.0211195265,0.00011683391763447318
20251017150-403,20251017151-115,260.1956933101908,57.761595301888676,17.150131575195317,16.012767738708494,1.1373638364868235,0.019068234,7.160917132678624e-05
20251017150-403,20251017151-115,260.2851846898297,57.8448956923439,16.488458575195317,15.788556238708495,0.6999023364868222,0.0114401465,0.00013570738584386174
20251017150-403,20251017151-115,260.2408457369112,57.776213613468116,16.186329575195316,15.435801238708494,0.7505283364868216,0.0107637223,3.3556341151750926e-06
20251017150-403,20251017151-115,260.29569569296314,57.83493586014656,13.342633575195315,12.804641238708495,0.5379923364868198,0.003112073,0.0001209738508739513
20251017150-403,20251017151-115,260.28277589380593,57.81171131724513,16.946070575195314,15.973609238708494,0.9724613364868198,0.014623811,0.00010038736904158757
20251017150-403,20251017151-115,260.3008609924108,57.82579563658829,13.185606575195315,11.901213238708495,1.2843933364868203,0.0038657643,0.00017650968271429258
20251017150-403,20251017151-115,260.2599639066592,57.77540154501851,17.308144575195314,16.608687238708495,0.6994573364868195,0.023946279,1.0969522415247725e-05
20251017150-403,20251017151-115,260.25887734207447,57.76910479711269,14.762720575195315,14.350648238708494,0.41207233648682084,0.007524418,1.5875293829899505e-05
20251017150-403,20251017151-115,260.34251354588395,57.86397741654015,16.921580075195315,15.407643238708495,1.5139368364868204,0.013859212000000001,0.0002321942873139976
20251017150-403,20251017151-115,260.36821127601047,57.885767468182024,17.645958575195316,16.130784238708493,1.5151743364868224,0.018904521,0.00032220589969409
20251017150-403,20251017151-115,260.2779414502844,57.770470179112294,17.820049575195313,16.214349238708493,1.6057003364868194,0.022521354,6.89723646087002e-05
20251017150-403,20251017151-115,260.35891032327936,57.86933195153577,17.297202575195314,15.578830238708495,1.7183723364868193,0.015106340499999999,0.00024160668097469924
20251017150-403,20251017151-115,260.2621960159396,57.74710698267474,16.061056575195316,15.245767238708494,0.8152893364868223,0.012330141400000001,7.79265379633144e-06
20251017150-403,20251017151-115,260.3976124209528,57.895444329692,15.798680575195315,15.184592238708495,0.6140883364868195,0.0104920738,0.00031062571631314446
20251017150-403,20251017151-115,260.38141238962123,57.87264762760334,16.806477575195316,16.211354238708495,0.5951233364868216,0.0153721911,0.00028498770594089645
20251017150-403,20251017151-115,260.3574575218116,57.838890503462224,14.884866575195314,14.336146238708494,0.5487203364868201,0.0072041308999999994,0.0001975788047502015
20251017150-403,20251017151-115,260.3762135771877,57.83773931387168,17.913261575195314,16.696279238708495,1.2169823364868186,0.027743857,0.00028216581244651064
20251017150-403,20251017151-115,260.3144582323142,57.75660051981561,16.909846575195317,16.075241238708493,0.834605336486824,0.015911616,0.0001088090967539882
20251017150-403,20251017151-115,260.30370471049366,57.73349491291589,17.839940575195314,16.989617238708494,0.8503233364868201,0.037635314,3.976048473612342e-05
20251017150-403,20251017151-115,260.38190165260073,57.82185527164381,16.532329575195313,15.800703238708495,0.7316263364868174,0.0130130465,0.00022760895038176498
20251017150-403,20251017151-115,260.35255672037107,57.78408964858349,17.294554575195313,16.390381238708493,0.9041733364868207,0.0178383395,0.00012937229328707322
