g_key,i_key,ra,dec,g_mag,i_mag,color,i_magerr,color_err,match_distance
20251017135-101,20251017135-812,260.0299959251068,57.92885579255707,17.3188475,16.173032,1.1458155000000012,0.01483742,0.02088252946636688,1.3526105280205717e-05
20251017135-101,20251017135-812,260.0105916026422,57.90162952235002,18.995963,18.4806284,0.5153345999999992,0.09033654,0.10752556819461047,0.00017624984047190576
20251017135-101,20251017135-812,260.082914682692,57.98828957479475,19.379286,18.6952714,0.6840146000000011,0.07206035,0.09190341026833403,8.0228484713538e-05
20251017135-101,20251017135-812,259.8021280584252,57.93982566703224,18.989863,18.2715148,0.7183482000000012,0.1270434,0.1570273470296483,0.0003897556661107777
20251017135-101,20251017135-812,259.8120431172831,57.9476944471235,19.132226000000003,18.272238599999998,0.859987400000005,0.081673615,0.10629978644164334,0.00023570091703141978
20251017135-101,20251017135-812,259.9400652206356,58.10364638795586,14.003103000000001,13.473669999999998,0.5294330000000027,0.0058967997,0.007685552774905399,7.735471414702226e-05
20251017135-101,20251017135-812,259.8635258147679,58.00945911825911,19.884649600000003,17.4363326,2.448317000000003,0.043960985,0.11625289638370576,0.00014883441941547883
20251017135-101,20251017135-812,259.91803867026726,58.07282146113148,19.875995500000002,17.9702715,1.9057240000000029,0.04682388,0.09155140739459608,7.095045285168984e-05
20251017135-101,20251017135-812,259.86220566665486,57.98918636655906,11.690588000000002,9.986412999999999,1.7041750000000029,0.008918739,0.012455310078268675,0.00011327250580153889
20251017135-101,20251017135-812,259.8190869387201,57.944713017333015,15.893955,15.362124,0.5318310000000004,0.015712868,0.019600615746539905,0.00020702189685059994
20251017135-101,20251017135-812,259.90268599576143,58.0472617152827,19.3827947,18.4272603,0.9555344000000012,0.06764286,0.09029652812187418,0.00013638520187178805
20251017135-101,20251017135-812,259.9303269549681,58.07268590393052,16.733026000000002,16.139404,0.5936220000000034,0.015889253,0.019881536598956456,6.648007383538404e-05
20251017135-101,20251017135-812,259.85992095048823,57.99309394496491,18.659611,17.6921824,0.9674286000000016,0.057123337,0.07563314261661813,9.657303089277671e-05
20251017135-101,20251017135-812,259.88570963913367,58.01214244649023,14.492038,14.175626,0.31641200000000147,0.0052668257,0.006544817852315468,0.00011591303280263202
20251017135-101,20251017135-812,259.92280184622695,58.055694073042375,18.909342000000002,18.332376,0.5769660000000023,0.063568376,0.08239161746341843,0.00017060537881798468
20251017135-101,20251017135-812,259.8924184116447,58.00861766157443,19.715254,18.663269,1.051985000000002,0.07827007,0.10765619251448241,0.0001256878114874247
20251017135-101,20251017135-812,259.845221534458,57.94783939061023,19.4777916,18.717342,0.7604496000000012,0.090041555,0.11503637327820329,0.00024435533395343004
20251017135-101,20251017135-812,259.9545431028653,58.07548538019343,18.518774,17.227789,1.2909849999999992,0.034638073,0.05184321284520597,8.903210946653646e-05
20251017135-101,20251017135-812,259.8948761672127,58.00045429104175,16.83549,15.951585999999999,0.8839040000000011,0.017092934,0.022619634766148547,0.00010212822631638757
20251017135-101,20251017135-812,259.93678393467485,58.03825194713549,18.625334600000002,17.715715,0.9096196000000027,0.05578291,0.07306942395451396,0.00014356822683337257
20251017135-101,20251017135-812,259.8977308130641,57.97958963837739,17.980303,16.620795,1.3595079999999982,0.02643488,0.040159037423166656,0.00012185987955504563
20251017135-101,20251017135-812,259.86158174504976,57.93101519715068,19.229185,18.254170799999997,0.9750142000000039,0.0644975,0.08609310194684357,0.00018610243379552817
20251017135-101,20251017135-812,259.9644070839922,58.051406406978266,16.253261000000002,15.375036999999999,0.878224000000003,0.011250181,0.014999319296676432,6.689116401350767e-05
20251017135-101,20251017135-812,259.941658092372,58.021843415481214,19.484874,18.797682,0.6871920000000031,0.08871067,0.1108374707674485,0.00017552790610627346
20251017135-101,20251017135-812,259.99387459896866,58.080492738861224,17.166854,16.523505,0.6433490000000006,0.020525865,0.02574994279842862,7.429518435316296e-05
20251017135-101,20251017135-812,259.94788581632355,58.0213364860118,18.264446,17.182505,1.0819410000000005,0.026001655,0.035618815809680154,6.589553286057578e-05
20251017135-101,20251017135-812,259.9041694055239,57.96311957723083,19.710996,18.656999499999998,1.0539965000000038,0.0785551,0.10869610412221008,8.343065433995192e-05
20251017135-101,20251017135-812,259.9107519610286,57.967015110249605,19.181072,18.2613715,0.9197005000000011,0.058131054,0.07689892705950702,0.00014544964066270564
20251017135-101,20251017135-812,259.9615831573391,58.02443658192868,16.291077,15.369292999999999,0.9217840000000024,0.010814806,0.014938326890531114,5.0240713600066326e-05
20251017135-101,20251017135-812,259.97078657826285,58.03109397190478,13.297055,12.846155,0.45090000000000074,0.0029224774,0.003770038706222338,4.085100721272351e-05
20251017135-101,20251017135-812,260.01072997420135,58.083162992299414,18.956151300000002,17.010025,1.946126300000003,0.024562452,0.04775194234792717,0.00010097617912381954
20251017135-101,20251017135-812,259.9265672256554,57.97715365403289,17.8005255,16.403931999999998,1.3965935000000016,0.01777438,0.027132946551776053,9.353764468039916e-05
20251017135-101,20251017135-812,259.89999854956164,57.94138667214997,18.026321000000003,16.696126,1.3301950000000033,0.023092741,0.034882003123769725,9.736371504537485e-05
20251017135-101,20251017135-812,259.92912531505965,57.97764515217605,18.536465,17.376269,1.1601959999999991,0.031597275,0.04394467177019569,8.30166624558384e-05
20251017135-101,20251017135-812,259.8896736561568,57.92618735364631,17.98517,17.190193,0.7949769999999994,0.041714963,0.053921730785773975,0.00014347190451343013
20251017135-101,20251017135-812,259.99404259786604,58.05599083386669,18.017359,17.514679299999997,0.5026797000000016,0.03840928,0.04646631081555351,5.1733139634772706e-05
20251017135-101,20251017135-812,259.9215813128853,57.96186980977288,19.017234000000002,18.065602,0.9516320000000036,0.064305566,0.08654717863850882,8.64868848383523e-05
20251017135-101,20251017135-812,259.9408254255384,57.983263636569674,14.824965,14.1803435,0.6446215000000013,0.006041267,0.007571927554821493,7.005538343090823e-05
20251017135-101,20251017135-812,260.02857392918247,58.08542715163442,16.576451,15.614513999999998,0.9619370000000007,0.0,0.0,0.00031929890730751333
20251017135-101,20251017135-812,259.9363561840605,57.96031011930988,17.690130000000003,16.185119,1.5050110000000032,0.017790137,0.028538657699020694,8.212936911064004e-05
20251017135-101,20251017135-812,259.98378572609045,58.01245396168703,16.281258,15.543520999999998,0.7377370000000028,0.010020494,0.013034835327971428,5.9369363045711996e-05
20251017135-101,20251017135-812,259.9912255969028,58.022276774542355,19.4091337,18.468438499999998,0.940695200000004,0.06679905,0.09171479343706444,3.971217426983804e-05
20251017135-101,20251017135-812,260.03548559189187,58.07605336557087,18.212292,17.38125,0.8310420000000001,0.029846666,0.0386682880608972,0.00012030030929355379
20251017135-101,20251017135-812,259.9723758475351,57.99839780835072,19.5604017,18.6182946,0.9421071000000012,0.087287046,0.11592498449334818,5.445846699202379e-05
20251017135-101,20251017135-812,260.01240863008513,58.046091435405785,17.790526,17.162971999999996,0.6275540000000035,0.03229784,0.041712919485246115,9.360625387779629e-05
20251017135-101,20251017135-812,259.9658421619166,57.988303389328614,18.0867575,16.815147,1.2716105000000013,0.023326151,0.03442542133800336,8.372679019627245e-05
20251017135-101,20251017135-812,259.9311393276515,57.94260833502249,18.483636,17.347397,1.1362389999999998,0.030553244,0.043208037764306505,0.00010995194212637524
20251017135-101,20251017135-812,259.9363901262792,57.946324561228124,16.720417,16.011226999999998,0.7091900000000031,0.014141289,0.01814562699517702,8.728837767572233e-05
20251017135-101,20251017135-812,259.96851639995486,57.98082699253444,16.801866,15.274102,1.5277640000000012,0.011894164,0.01811622239002083,5.94943435767553e-05
20251017135-101,20251017135-812,259.9438376020015,57.94893832794965,17.05226,16.256324999999997,0.7959350000000036,0.017370533,0.022624870922249685,7.47128279694611e-05
20251017135-101,20251017135-812,260.00629719958636,58.025967586932424,19.587379300000002,18.6760224,0.9113569000000012,0.073147446,0.09666396329233826,0.00016204688855589913
20251017135-101,20251017135-812,259.9213501247697,57.91579536165247,18.214688000000002,17.013542,1.2011460000000014,0.035287373,0.05126357748860352,9.909145502746456e-05
20251017135-101,20251017135-812,259.94070933914134,57.93894557103625,17.110056,16.238447999999998,0.8716080000000019,0.019338772,0.025527623630050508,8.385298998742159e-05
20251017135-101,20251017135-812,259.924114413177,57.91263088410416,19.4497345,18.3777464,1.0719881000000022,0.09490041,0.13400192703511812,0.00029749647779635794
20251017135-101,20251017135-812,259.9848881063141,57.98782496711209,18.993899,17.9942044,0.999694599999998,0.06342453,0.08567159862956425,1.9796973681022414e-05
20251017135-101,20251017135-812,259.9379624639258,57.92067899111426,18.180667,16.973694,1.2069730000000014,0.027770357,0.04056970733969311,0.00012031114263678814
20251017135-101,20251017135-812,259.95837798072773,57.94467801085898,18.6923526,17.615986,1.0763666,0.05166322,0.07237110999037272,0.00016530552579631196
20251017135-101,20251017135-812,260.0325136277219,58.03288922826424,16.412893,15.835335999999998,0.5775570000000023,0.011310139,0.016370514947740188,8.448842013904974e-05
20251017135-101,20251017135-812,260.04909382333824,58.053520976442,18.511234,17.153775,1.3574590000000022,0.028679004,0.044377045201685256,0.00012096207480166909
20251017135-101,20251017135-812,260.0672865573868,58.06804046114996,18.811949600000002,17.711731999999998,1.1002176000000041,0.034045264,0.04724610816664792,6.917907450583307e-05
20251017135-101,20251017135-812,259.9505895609824,57.92163015595504,19.0438574,18.4353245,0.6085329000000002,0.0736127,0.09041065651075617,0.00013823569332287942
20251017135-101,20251017135-812,259.977317413642,57.95191665429543,18.9432204,18.042205699999997,0.9010147000000046,0.06001527,0.07933486080045352,6.823203561847001e-05
20251017135-101,20251017135-812,259.9944157605669,57.965439044571184,19.556823,17.471505,2.085318000000001,0.03011982,0.06391512018317218,6.834029681193495e-05
20251017135-101,20251017135-812,259.97260948700387,57.937962985737194,18.771269,17.645101999999998,1.1261670000000024,0.04937698,0.07444215269922287,4.100929962673475e-05
20251017135-101,20251017135-812,259.9967124341178,57.96669772849614,17.278914,16.222572,1.0563420000000008,0.015040453,0.020724924635920995,4.106392505321626e-05
20251017135-101,20251017135-812,260.01705235920804,57.98896609010425,16.847230000000003,17.185620999999998,-0.33839099999999434,0.0273175,0.029449334778286863,5.632134258880626e-05
20251017135-101,20251017135-812,260.07401871731764,58.058953279112814,19.4524434,17.762410499999998,1.690032900000002,0.03606134,0.06439674249043735,0.0001540004956695593
20251017135-101,20251017135-812,260.00317495813863,57.96852940525869,15.926237,15.020589999999999,0.9056470000000019,0.0074683125,0.009955882437653227,2.3064170378571655e-05
20251017135-101,20251017135-812,260.01646432242865,57.985715415986405,17.835819,16.375994,1.4598250000000021,0.017335273,0.026928658304298282,3.426427776071455e-05
20251017135-101,20251017135-812,259.99527399449164,57.95588225914281,17.615725,16.250389,1.3653360000000028,0.014801946,0.022229829883165367,3.852562455445408e-05
20251017135-101,20251017135-812,259.962093222167,57.91448236639921,18.456126,17.5719913,0.8841347000000006,0.038959455,0.05177889403907137,0.00013038030290030367
20251017135-101,20251017135-812,259.95926196268886,57.9113025686433,19.4268068,18.486482,0.9403248000000026,0.0761415,0.10205525308322945,0.00018713237233374701
20251017135-101,20251017135-812,259.9912181929943,57.94961936125348,18.117079,16.926648,1.1904310000000002,0.023628993,0.0341188510910557,5.013392985265931e-05
20251017135-101,20251017135-812,260.0062977294349,57.966559171642146,19.368871000000002,18.5174,0.8514710000000036,0.0630836,0.08037182150482251,5.196343387753279e-05
20251017135-101,20251017135-812,260.00398743930907,57.962640218179835,19.0802754,18.39003,0.690245400000002,0.05462938,0.06825069332455544,6.519727974021475e-05
20251017135-101,20251017135-812,259.9792950066869,57.92274133250655,19.652099,18.590038999999997,1.0620600000000024,0.09302378,0.1290509315817441,3.118706946067437e-05
20251017135-101,20251017135-812,260.00654800094435,57.95136731735897,18.556820000000002,17.497994,1.0588260000000034,0.03539554,0.048725286054835386,4.5440092181564796e-05
20251017135-101,20251017135-812,260.0313047826942,57.97874914427187,19.269757600000002,18.3914217,0.8783359000000033,0.0663146,0.0858677241464421,0.00010851434458111921
20251017135-101,20251017135-812,260.02352178520925,57.96472847047205,18.023586,16.849072999999997,1.1745130000000046,0.02716403,0.038126533751023366,6.545030808988098e-05
20251017135-101,20251017135-812,260.05979191785934,58.00975557611848,19.3222035,18.513734,0.8084695000000011,0.0620999,0.07810445661354891,3.341258460776535e-05
20251017135-101,20251017135-812,260.0314251501745,57.97377559125296,18.575667000000003,17.7037424,0.8719246000000034,0.04847831,0.06278434948094354,0.00013259100325299604
20251017135-101,20251017135-812,259.98862358951703,57.91803595979937,18.751322000000002,17.604886,1.1464360000000013,0.04991663,0.07070711892543308,7.049411318815106e-05
20251017135-101,20251017135-812,260.063345185313,58.009811870940204,19.270711300000002,18.440597399999998,0.8301139000000042,0.06702977,0.0851078855866125,2.2795573585016155e-05
20251017135-101,20251017135-812,260.07485402614265,58.020024068685636,19.262116,18.323214999999998,0.9389010000000013,0.057887692,0.07718214565162225,0.00018764454877692705
20251017135-101,20251017135-812,259.9900970561397,57.90985017073531,18.6892064,17.657090999999998,1.0321154000000021,0.04553807,0.06230911005561447,7.077568928161654e-05
20251017135-101,20251017135-812,259.9931986326045,57.91225103731535,16.349155000000003,15.449252,0.8999030000000037,0.012851635,0.017562531181697844,5.178980213853928e-05
20251017135-101,20251017135-812,260.04356143494283,57.972540350476834,18.912757,17.927779,0.9849779999999981,0.04534873,0.06016768755401689,2.3972612241095204e-05
20251017135-101,20251017135-812,260.0343417980873,57.95956204888465,18.474236,16.655884,1.8183520000000009,0.019486094,0.034600570204159006,2.9955526690681056e-05
20251017135-101,20251017135-812,260.02083631898483,57.93858318684158,19.207251,18.4385227,0.7687282999999994,0.05835044,0.07345386239687257,6.028213133905279e-05
20251017135-101,20251017135-812,260.02401053147406,57.93995409633533,17.422818,16.28705,1.1357679999999988,0.014719017,0.021206219102883804,3.311111059873001e-05
20251017135-101,20251017135-812,260.00652379156537,57.911799204449466,16.707863000000003,15.146344999999998,1.5615180000000048,0.010947354,0.01746476389561714,3.72317328075827e-05
20251017135-101,20251017135-812,260.07079737961834,57.98398849972824,18.125376000000003,16.981422,1.1439540000000044,0.033744965,0.047261751399334764,7.40364172018001e-05
20251017135-101,20251017135-812,260.0027348236125,57.89638040595202,17.897901,16.643104,1.254797,0.022429075,0.03290541221400994,4.842658537040344e-05
20251017135-101,20251017135-812,260.07116966442413,57.981406744271965,18.8461855,18.784484,0.06170150000000163,0.09445527,0.10450936504375573,7.58387946930564e-05
20251017135-101,20251017135-812,259.8571276069809,58.0166266993828,19.517563000000003,18.548214299999998,0.9693487000000047,0.08414454,0.11223641955713484,0.00019120960031906848
20251017135-101,20251017135-812,260.04581604018216,57.94611844770269,19.4659765,18.769143399999997,0.6968331000000028,0.07614572,0.09392740020413641,0.0001034773127696643
20251017135-101,20251017135-812,259.8192236524603,57.969054549874684,19.67906,18.706353999999997,0.9727060000000023,0.09830849,0.13328041202885965,0.00015613539065611982
20251017140-542,20251017141-300,259.86635483433975,57.77482500849684,13.658643999999999,12.306661000000002,1.351982999999997,0.004565288,0.013326029133166424,0.0001851124312977024
20251017140-542,20251017141-300,259.94716975887917,57.87214485972318,15.570853,13.853122,1.7177309999999988,0.0052215075,0.021993035477092658,0.00027506778700678037
20251017140-542,20251017141-300,259.85715155325977,57.745345780401486,14.636408999999999,13.721085000000002,0.9153239999999965,0.008060689,0.018801703830286898,0.00024581296127957887
20251017140-542,20251017141-300,259.74508494886834,57.90573337643238,19.3479785,18.4406746,0.9073038999999987,0.080488,0.1068949632611495,0.00024128754417234585
20251017140-542,20251017141-300,259.6834976324086,57.81595176645024,15.909476,15.441580000000002,0.46789599999999787,0.012897853,0.02005806553631753,0.00034597279522449465
20251017140-542,20251017141-300,259.75386328429386,57.90431465765316,18.733588599999997,16.962949000000002,1.7706395999999955,0.028673727,0.05018938902494528,0.00022882486552597243
20251017140-542,20251017141-300,259.67311172230075,57.796985366511876,13.90538,13.071223000000002,0.8341569999999976,0.005081778,0.015877560948458675,0.00036789378320434534
20251017140-542,20251017141-300,259.7022229570604,57.83095651414118,17.402029,16.325527,1.0765019999999978,0.01979272,0.028971607456787223,0.00037244394987088266
20251017140-542,20251017141-300,259.71550972348973,57.835131873367956,15.191086,14.399771000000001,0.7913149999999991,0.0076248934,0.013634731245424955,0.0002798787872618889
20251017140-542,20251017141-300,259.6824991093779,57.78910014332115,18.234974,17.9167197,0.31825429999999955,0.07286279,0.08511825059750949,0.0002901234966660555
20251017140-542,20251017141-300,259.77310481599585,57.89932439419166,19.511412999999997,18.7410257,0.7703872999999959,0.0943588,0.1166329770222122,0.0002346319131807196
20251017140-542,20251017141-300,259.7372748018952,57.85039834497959,18.584122999999998,17.276981,1.307141999999999,0.038300935,0.06106937582686882,0.0002583635248232932
20251017140-542,20251017141-300,259.8189787901058,57.94460995860983,16.665899,15.370212000000002,1.2956869999999974,0.0142653715,0.028812862610017354,0.00016787657901741953
20251017140-542,20251017141-300,259.68901304130134,57.779168288851444,16.711576,16.336972000000003,0.37460399999999794,0.02463508,0.03230219202747262,0.0003237446319946919
20251017140-542,20251017141-300,259.7303056709912,57.82039925899139,17.435225,16.42967,1.0055549999999975,0.024487875,0.03610696974626303,0.0002901292901261637
20251017140-542,20251017141-300,259.7992996252019,57.9076117259895,19.397027,18.535405,0.8616220000000006,0.07164518,0.08956151345192825,0.00011583842517415261
20251017140-542,20251017141-300,259.74268437342766,57.81588814986249,17.7317985,16.714158,1.0176404999999988,0.032260556,0.04717520581444224,0.00020251564592480356
20251017140-542,20251017141-300,259.7610175529236,57.83598590088798,17.689872,17.275174,0.41469800000000134,0.03729348,0.0460159833313227,0.00014516581299876631
20251017140-542,20251017141-300,259.72026609913075,57.78324961603966,17.428231,17.108267,0.3199639999999988,0.03268089,0.04315271359898999,0.00022415030010386483
20251017140-542,20251017141-300,259.72908017734915,57.79235691934857,17.649518,17.039508,0.610009999999999,0.03536545,0.04694476407188559,0.0001879853325070959
20251017140-542,20251017141-300,259.82326868570146,57.90878911460678,18.7551755,17.4630936,1.2920818999999995,0.041868452,0.06042983373313168,5.0819614369491854e-05
20251017140-542,20251017141-300,259.83934212896907,57.92698754727607,19.452711,18.242932600000003,1.2097783999999976,0.06526579,0.08646561967410625,0.00016247857219537417
20251017140-542,20251017141-300,259.8367441532208,57.92166496170455,17.685642,16.306845000000003,1.3787969999999987,0.017500482,0.026925492140505308,8.973830976057873e-05
20251017140-542,20251017141-300,259.814312301349,57.89355430312567,18.916533299999998,16.533874,2.3826592999999967,0.017634416,0.041759964230240816,0.0001393066584577293
20251017140-542,20251017141-300,259.7416981869667,57.79904101770016,18.8991107,17.448192400000003,1.4509182999999979,0.037656218,0.06616912336496249,6.172234383293644e-05
20251017140-542,20251017141-300,259.74479533285376,57.802450972916276,18.423541,17.599321000000003,0.8242199999999968,0.051636666,0.07100919140356378,0.00010801373908017684
20251017140-542,20251017141-300,259.80597319249364,57.87581250684857,17.962659,16.690555000000003,1.2721039999999952,0.02697099,0.03971559228476369,7.255617712470672e-05
20251017140-542,20251017141-300,259.84544682584306,57.92507063907708,19.192556,17.9532273,1.239328699999998,0.05396193,0.07714166187122669,0.00014534432338901253
20251017140-542,20251017141-300,259.7950051536558,57.85441473080398,18.671978,16.489473000000004,2.1825049999999955,0.02560153,0.054372145766547315,5.9181189204556565e-05
20251017140-542,20251017141-300,259.8330828134193,57.900115855550865,18.005285999999998,16.272516000000003,1.732769999999995,0.024129573,0.04223815158343022,0.0002953867045888036
20251017140-542,20251017141-300,259.7380100155566,57.779968391182145,18.4993867,17.6886175,0.8107691999999993,0.045593265,0.06517929918908012,0.00013968588832257735
20251017140-542,20251017141-300,259.73687381703496,57.774447532817994,18.583585,18.176988400000003,0.40659659999999676,0.08973938,0.11140078320053454,0.00034072143718583717
20251017140-542,20251017141-300,259.86157266934543,57.93094621836191,19.5173024,18.237111000000002,1.280191399999996,0.051094014,0.07204072343579217,0.00021347177766703712
20251017140-542,20251017141-300,259.8175762831912,57.863893231045594,18.456622,16.8599475,1.5966744999999989,0.02215826,0.037147037264280994,6.474148045818594e-05
20251017140-542,20251017141-300,259.78117271641025,57.81426000211405,15.340691,14.741382000000002,0.5993089999999981,0.0077454145,0.011513606605335023,0.00011902812462277953
20251017140-542,20251017141-300,259.8503475377755,57.9026767411543,17.784734999999998,16.67106,1.113674999999997,0.018003725,0.025724836348704923,7.119248871128057e-05
20251017140-542,20251017141-300,259.8138918085071,57.85547931217297,18.661921,17.242885,1.4190359999999984,0.028613875,0.04676298981839832,2.5615776620532882e-05
20251017140-542,20251017141-300,259.7935127019086,57.829840386697015,19.0363515,17.895731,1.1406204999999972,0.042583805,0.06277043284063166,0.00012895423325076134
20251017140-542,20251017141-300,259.745667387876,57.7681957094848,17.982277,16.842061,1.1402159999999988,0.034330197,0.0542007964627952,0.00018481685615872353
20251017140-542,20251017141-300,259.86434800223543,57.91581045521141,16.504461,15.523968000000002,0.9804929999999974,0.010226081,0.020001368377855076,0.00010486919853103126
20251017140-542,20251017141-300,259.8032907272558,57.833215864907935,18.493667,17.8696883,0.6239786999999986,0.04185711,0.0519978752349459,6.220731573853198e-05
20251017140-542,20251017141-300,259.7869177379713,57.81220875622081,18.1466,17.6363323,0.5102677,0.04431281,0.05500780111794134,3.5661867730979636e-05
20251017140-542,20251017141-300,259.7678259513027,57.78567440585024,18.9522585,18.508975300000003,0.4432831999999962,0.077977344,0.09535954502974561,8.527738587998915e-05
20251017140-542,20251017141-300,259.7648175844179,57.77839392382934,17.976669,17.087936,0.888733000000002,0.033927575,0.048884280943666966,0.0001497392062421248
20251017140-542,20251017141-300,259.8192737767264,57.84176208769355,17.386446999999997,17.222162,0.16428499999999602,0.03657183,0.0426355531003076,3.848761011153104e-05
20251017140-542,20251017141-300,259.85427320908457,57.87940249895816,12.955623,11.785067000000002,1.1705559999999977,0.0029952684,0.009380855159433151,4.075309463490116e-05
20251017140-542,20251017141-300,259.8896817176921,57.92612163440393,18.422196,17.114719,1.3074769999999987,0.027263546,0.0397454482509116,0.00017375809079634433
20251017140-542,20251017141-300,259.8357377774405,57.85549625423765,16.506664,16.0147355,0.4919285000000002,0.012968157,0.016788076923446738,8.43548938006627e-06
20251017140-542,20251017141-300,259.775162761039,57.77630030806071,17.674962999999998,16.753853,0.9211099999999988,0.030059962,0.04420053195949253,0.00015463037274344733
20251017140-542,20251017141-300,259.77344164479086,57.773461999823475,17.601084999999998,16.627349000000002,0.9737359999999953,0.026951373,0.04384531421911273,0.00012593552616181494
20251017140-542,20251017141-300,259.8514266974758,57.87223161846857,18.5634445,17.6307543,0.9326901999999997,0.036252093,0.048234441849627094,0.00015689999768047874
20251017140-542,20251017141-300,259.8438154768792,57.83693746887295,19.240558,18.6115773,0.6289806999999996,0.073031776,0.08945707603595748,2.9482176102320724e-05
20251017140-542,20251017141-300,259.81872736935236,57.8021226241802,18.4611825,17.946413,0.5147694999999999,0.07266883,0.09103450311978696,0.0002638145870466049
20251017140-542,20251017141-300,259.900228803903,57.90428525855651,18.662228499999998,18.193714,0.4685144999999977,0.06346479,0.0724523461600147,0.00014721902039298282
20251017140-542,20251017141-300,259.8332607669314,57.81800470462974,18.819929,18.093283500000002,0.7266454999999965,0.050953105,0.06489325318444997,7.53352198930724e-05
20251017140-542,20251017141-300,259.8539782763506,57.839943886846264,15.454882,14.814194,0.640687999999999,0.008529398,0.012234954250035143,6.76650224344116e-05
20251017140-542,20251017141-300,259.8583386543594,57.838927918057436,13.073172999999999,12.277702000000001,0.7954709999999974,0.0029055309,0.007476778389027259,8.620360913118665e-05
20251017140-542,20251017141-300,259.89883117219847,57.897628944065644,19.255662,18.208314700000003,1.0473472999999984,0.05295873,0.06990419054780704,0.0001801609299784538
20251017140-542,20251017141-300,259.8658434535557,57.8473732899519,13.638247,13.172478000000002,0.4657689999999981,0.0036815002,0.00824558670072961,9.037419265689166e-05
20251017140-542,20251017141-300,259.7923299784182,57.75753715709195,18.717317,17.8240865,0.8932305000000014,0.057125084,0.08578379726112083,0.0002541103862275403
20251017140-542,20251017141-300,259.92142820954234,57.91572763532845,18.715629999999997,17.117204,1.5984259999999963,0.027705925,0.044304423964577413,0.00018580500188210102
20251017140-542,20251017141-300,259.9060468461847,57.895101555272575,17.078077,15.614315000000001,1.4637619999999991,0.013365798,0.02365612522193861,0.00017596073281224878
20251017140-542,20251017141-300,259.9165176483143,57.90687425050634,18.3976363,16.856016000000004,1.5416202999999946,0.02132677,0.03307327420568783,0.00012010843414512734
20251017140-542,20251017141-300,259.90901976185233,57.893484000166595,17.927554,16.272765,1.654789000000001,0.015435518,0.02676639960999469,0.0001675061856806007
20251017140-542,20251017141-300,259.82930139747805,57.77613880210387,16.760623,15.365207000000002,1.3954159999999973,0.012553165,0.023942204826882776,0.00013451822031744872
20251017140-542,20251017141-300,259.84953719265866,57.79347914155467,19.166732,17.062398,2.104333999999998,0.02686877,0.06472851261009634,0.00016690449323745706
20251017140-542,20251017141-300,259.9406618325013,57.907723029260964,19.620151399999997,18.381199600000002,1.2389517999999953,0.07757163,0.10604151311633478,0.00026415411580404984
20251017140-542,20251017141-300,259.9012658422,57.85691397813621,17.873756,16.561671,1.3120849999999997,0.031697072,0.04896661860051405,0.00016139410867391623
20251017140-542,20251017141-300,259.86179527715217,57.799447338776226,12.183235999999999,10.445542000000001,1.7376939999999976,0.0069174604,0.01213670389193261,0.0001333019656504144
20251017140-542,20251017141-300,259.820680434323,57.750339556214584,18.162318,17.448735,0.7135829999999999,0.044456545,0.06078157014387071,0.00022622072707066836
20251017140-542,20251017141-300,259.8938965038188,57.84117076352743,17.081645,16.024727000000002,1.0569179999999996,0.014108383,0.02053163184286658,0.00015505765948604016
20251017140-542,20251017141-300,259.88666574102257,57.83025253537693,19.099709999999998,18.437465000000003,0.6622449999999951,0.09071098,0.11335814973404469,0.00019723615226985807
20251017140-542,20251017141-300,259.9267666357548,57.87940943348431,18.774047,18.067467,0.7065799999999989,0.07535094,0.0927057700971133,0.00027326816710030957
20251017140-542,20251017141-300,259.92435196916324,57.872049997788,17.519042,16.08415,1.4348919999999978,0.014936089,0.02435334722743108,0.00023196955623013156
20251017140-542,20251017141-300,259.8404325792838,57.765851385722854,17.942442999999997,17.562577500000003,0.37986549999999397,0.045018323,0.05608545978855779,0.00017353789097420376
20251017140-542,20251017141-300,259.92994881732915,57.87634743628625,19.239501,18.5242894,0.7152116,0.08522159,0.10324978166683964,0.0003069726287583281
20251017140-542,20251017141-300,259.87440435292706,57.804686734642985,18.793816,18.1639836,0.629832399999998,0.05535221,0.06943634799167045,0.00010930030839999762
20251017140-542,20251017141-300,259.9088132297047,57.83556638807137,19.066247,18.415144,0.6511029999999991,0.07261328,0.09159241706153243,0.00019681570129438753
20251017140-542,20251017141-300,259.71100830463456,57.87309239382869,17.044694,16.354727,0.6899669999999993,0.024576627,0.03289604174663648,0.0002694785196583758
20251017140-542,20251017141-300,259.7398285666296,57.90373448289121,18.22403,17.025466,1.1985639999999975,0.030995343,0.04325242570708807,0.0003007041821538806
20251017140-542,20251017141-300,259.894472770222,57.80143804150958,18.620354499999998,18.127292,0.4930624999999971,0.05238594,0.062206230579185756,0.00029822207270484497
20251017140-542,20251017141-300,259.7465536880685,57.91250964585362,19.0873135,17.243257,1.8440565000000007,0.038777787,0.06879358850838524,0.00021103684696642023
20251017142-022,20251017142-734,260.4114164512384,58.082656724224506,15.358792000000001,13.190725000000002,2.168066999999999,0.004378136,0.007072074341741608,0.0002485908833731394
20251017142-022,20251017142-734,260.3559420834351,58.01633464424908,18.778318300000002,17.098564000000003,1.679754299999999,0.025337398,0.04801481856769641,0.00022471906038772275
20251017142-022,20251017142-734,260.3071989831851,57.95448049212551,16.47255,15.986124000000002,0.48642599999999625,0.014677484,0.018973317489349675,0.0006953428710642435
20251017142-022,20251017142-734,260.29224169989936,57.93557909263005,18.386167,17.525109,0.8610579999999999,0.05078427,0.07233066221923383,0.0009589381897054812
20251017142-022,20251017142-734,260.1322106700566,58.04393118012321,17.024546,16.26578,0.7587660000000014,0.021313658,0.027788728651968013,5.04948302812334e-05
20251017142-022,20251017142-734,260.09234805793346,57.97379224464649,11.711210000000001,10.780357000000002,0.930852999999999,0.015055275,0.01886031085761757,0.0004017488206049493
20251017142-022,20251017142-734,260.1668342452519,58.07760556299614,17.052076,16.1718275,0.8802485000000004,0.01738834,0.023512633385536465,0.0002550156463266006
20251017142-022,20251017142-734,260.1202100663445,58.017308109261975,17.316171,16.580203,0.7359679999999997,0.022584006,0.029173228147100758,0.00014750894622951694
20251017142-022,20251017142-734,260.2145806367765,58.12794132722878,16.806705,16.227039500000004,0.5796654999999973,0.01559467,0.01942464569511156,0.0006397744350251105
20251017142-022,20251017142-734,260.0985555129675,57.98550071022208,19.2432307,18.4586536,0.7845770999999999,0.08840074,0.11591461135337783,0.0006273534145250757
20251017142-022,20251017142-734,260.1711206898293,58.070410811732245,17.752062000000002,15.946304000000001,1.8057580000000009,0.017185302,0.031914911867739884,0.00020434479572424525
20251017142-022,20251017142-734,260.15705955686235,58.036640150608235,11.320399,10.206391500000002,1.1140074999999978,0.007373804,0.00978083497736805,5.570714472497677e-05
20251017142-022,20251017142-734,260.12350037825337,58.00004464524064,16.964295,16.280275000000003,0.6840199999999967,0.019191826,0.02534794117550457,0.00026478702658154485
20251017142-022,20251017142-734,260.1119741656054,57.98083268510588,17.057568,16.435840000000002,0.6217279999999974,0.024576638,0.03146109412104805,0.00035758714326616475
20251017142-022,20251017142-734,260.125558298349,58.00260402860679,18.293363499999998,17.872425,0.42093849999999833,0.059617747,0.0706507124250713,0.00025585017599643445
20251017142-022,20251017142-734,260.1079608504481,57.9739172842434,15.483832,14.908727,0.5751049999999989,0.012661932,0.016253285005278912,0.00047138233825919453
20251017142-022,20251017142-734,260.1208527377295,57.98568278330654,15.586836,15.140551000000002,0.4462849999999978,0.010534683,0.012902673579250084,0.0003596306023141204
20251017142-022,20251017142-734,260.16411640071044,58.03979141432879,18.898228,18.079719700000002,0.8185082999999977,0.06742637,0.0884259586036811,6.089631628660903e-05
20251017142-022,20251017142-734,260.16363717818285,58.02958269378509,17.776166,16.984614,0.7915519999999994,0.027263494,0.03547606510802748,4.0451671986495125e-05
20251017142-022,20251017142-734,260.16618110178354,58.03343103644313,19.157607,18.307001300000003,0.8506056999999956,0.06572911,0.08517315764511087,0.00018211260814729363
20251017142-022,20251017142-734,260.1945234306495,58.05957600618761,14.038422,13.623358000000001,0.4150639999999992,0.004311937,0.005480753002421565,0.00015701358697960238
20251017142-022,20251017142-734,260.144918072521,57.99906716663267,18.157345,16.910767,1.2465779999999995,0.02509862,0.037221564850050244,0.00030625690147583666
20251017142-022,20251017142-734,260.2044526505042,58.06997849231142,15.749953,15.457592000000002,0.2923609999999979,0.013379002,0.015773057184557626,0.00022943286069264897
20251017142-022,20251017142-734,260.18459373186647,58.045419476068744,16.593780000000002,15.759144000000001,0.8346360000000015,0.012309698,0.016513325968768013,5.641801155463404e-05
20251017142-022,20251017142-734,260.1299598995211,57.968162356467225,18.425739,17.448984000000003,0.9767549999999972,0.0467096,0.06525222238282942,0.00048232849078334286
20251017142-022,20251017142-734,260.1923236295801,58.04167121444534,17.654493000000002,16.67035,0.9841430000000031,0.020082302,0.02798692461698534,1.0698344005030348e-05
20251017142-022,20251017142-734,260.142156331735,57.97285903612466,18.7429995,17.785608500000002,0.9573909999999977,0.052034732,0.07056094879724842,0.0005283144948313691
20251017142-022,20251017142-734,260.13824400123406,57.96653095729076,18.296637,17.5631573,0.7334797000000002,0.04164649,0.05428126881659083,0.000506555065941
20251017142-022,20251017142-734,260.1559018448843,57.98677505461655,17.552480000000003,16.126722,1.4257580000000019,0.01555395,0.024470184963381457,0.00038012011305073675
20251017142-022,20251017142-734,260.19138673828036,58.03039775946643,18.8476524,18.1766545,0.6709978999999997,0.067440756,0.08456618318231916,9.357490488231439e-05
20251017142-022,20251017142-734,260.2261540627351,58.07185454928731,18.204148,17.932089500000004,0.27205849999999643,0.053329173,0.06198273385446894,0.00025385410633419565
20251017142-022,20251017142-734,260.1618553041802,57.99283525756185,18.817704,17.5055324,1.3121715999999992,0.035288822,0.053864330288197995,0.0003706738586072789
20251017142-022,20251017142-734,260.1742685719263,58.00683164744353,17.416632,15.945047000000002,1.4715849999999975,0.019521551,0.031426304901730366,0.00023769932308326987
20251017142-022,20251017142-734,260.14408533586993,57.97011493561769,18.9846973,18.1835415,0.8011558000000001,0.063868694,0.08316233086467795,0.000720769273892528
20251017142-022,20251017142-734,260.15799451087037,57.98435703226374,18.8613805,17.873563500000003,0.9878169999999962,0.04652072,0.06448838609357502,0.00036650852300631754
20251017142-022,20251017142-734,260.188989431763,58.01678064105915,18.649879,17.217984,1.4318949999999973,0.028504562,0.04620580926283556,0.0002239545398647937
20251017142-022,20251017142-734,260.18226399416204,58.005685405847764,18.6841344,18.448509400000003,0.23562499999999886,0.075758204,0.08739634707109016,0.00017725445288717316
20251017142-022,20251017142-734,260.1711103248697,57.97375724774238,19.0677685,18.1313636,0.9364048999999994,0.059147004,0.08088792350351452,0.0004610970770203877
20251017142-022,20251017142-734,260.16772361569156,57.96604578071759,17.288756,16.685801,0.6029549999999979,0.026426937,0.03320820566676221,0.0006036225406000453
20251017142-022,20251017142-734,260.1633957813665,57.95737507887885,18.6961235,17.853066000000002,0.8430574999999969,0.054087795,0.07974097885793874,0.0008321218945398207
20251017142-022,20251017142-734,260.2588407364626,58.07451617784665,16.828204,15.984779000000001,0.8434249999999981,0.013728056,0.018380871435161747,0.00022594681860344193
20251017142-022,20251017142-734,260.1990809680213,57.998712455899266,17.828623999999998,16.505851,1.322772999999998,0.022722641,0.03460620744589711,0.00029939359894777886
20251017142-022,20251017142-734,260.1676785355811,57.95912168138487,17.047795,15.493948000000001,1.5538469999999993,0.016066898,0.02681582246275135,0.0006099292680693251
20251017142-022,20251017142-734,260.2741041632695,58.08180521252075,19.6012973,18.758830000000003,0.8424672999999956,0.09259293,0.12163453796470557,0.00018159040697155398
20251017142-022,20251017142-734,260.2355526798259,58.02683862057418,14.198938,13.326415,0.8725229999999993,0.0034734744,0.004666708300505756,0.00010807645331058873
20251017142-022,20251017142-734,260.2169139131872,57.99655958486754,17.978757,16.693058,1.285699000000001,0.019889936,0.030716783646633838,0.00034815811230652063
20251017142-022,20251017142-734,260.2716222507995,58.05594301874321,19.375455000000002,18.536867,0.8385880000000014,0.0652371,0.08595865011329576,0.00017587330114229025
20251017142-022,20251017142-734,260.2700781207195,58.0533505041168,18.8968944,16.3334,2.5634943999999997,0.016192643,0.045245919241750955,4.247102653184684e-05
20251017142-022,20251017142-734,260.31578365292313,58.104947666476285,16.489229,15.032272500000001,1.4569565000000004,0.0079857,0.01221626916499178,0.00042977269481818815
20251017142-022,20251017142-734,260.25350843878374,58.0246265691312,18.774722,17.715285,1.059436999999999,0.040828682,0.05934389152172429,0.0001567837813859526
20251017142-022,20251017142-734,260.21870565548625,57.980539923259926,16.684530000000002,16.130855000000004,0.5536749999999984,0.015012681,0.01877088720037934,0.00043556272862740414
20251017142-022,20251017142-734,260.26910962271813,58.04205395247195,19.2980165,17.179724,2.118292499999999,0.022910463,0.05510757274297671,6.666832775951956e-05
20251017142-022,20251017142-734,260.214541051839,57.97167675888868,19.2768535,18.400494000000002,0.8763594999999995,0.09434816,0.1250910815954168,0.000578742830974792
20251017142-022,20251017142-734,260.31897974715423,58.097993701805834,17.994590000000002,16.990560000000002,1.0040300000000002,0.032513063,0.04464627911562858,0.00041510265029792384
20251017142-022,20251017142-734,260.2269725097339,57.98389888303769,18.261488,17.925342,0.3361459999999994,0.048626173,0.05720965280419746,0.0004878458297671371
20251017142-022,20251017142-734,260.2645079426318,58.02478944849477,14.334704,14.002638000000001,0.3320659999999993,0.0052643693,0.006398117166794696,0.0001201828600963939
20251017142-022,20251017142-734,260.27004594864775,58.033555209750645,18.6765956,17.493397,1.1831985999999972,0.045715045,0.06770440103110673,8.346817424096452e-05
20251017142-022,20251017142-734,260.22121480693806,57.96902799241495,17.604603,17.0988495,0.5057535000000009,0.035254177,0.04350198389871728,0.0005550227346995825
20251017142-022,20251017142-734,260.22378393218503,57.970125980063756,18.388383,17.316389,1.0719940000000001,0.040388897,0.05677700845713393,0.0005446126186040166
20251017142-022,20251017142-734,260.29185591509474,58.042203716668595,16.312091000000002,15.424384000000002,0.8877070000000007,0.0091239605,0.012381500168394791,6.133970447045428e-05
20251017142-022,20251017142-734,260.31494955899905,58.070902087975874,17.912959999999998,16.817461,1.0954989999999967,0.0247551,0.03529667148517504,0.00022449896657875462
20251017142-022,20251017142-734,260.25621649079187,57.99187490233924,19.4145493,16.749883000000004,2.664666299999997,0.02114203,0.06535942563041368,0.000314928597145136
20251017142-022,20251017142-734,260.30014723595457,58.042859608965856,15.91291,15.278682000000002,0.6342279999999985,0.0108522875,0.013854779459739525,4.524813422181915e-05
20251017142-022,20251017142-734,260.34305986700576,58.09541491223348,19.108417,18.290944800000002,0.8174721999999974,0.05088772,0.06480514673795723,0.0002754297062471397
20251017142-022,20251017142-734,260.35201539111154,58.10518078168669,16.825296,15.605550000000001,1.2197460000000007,0.011760441,0.016464468443701485,0.0004237480962137269
20251017142-022,20251017142-734,260.2552183001235,57.962014796265095,19.285596,18.1583654,1.1272306000000007,0.078089215,0.10864748510972688,0.0006930496118510582
20251017142-022,20251017142-734,260.3482117976491,58.07242973721051,15.405263,14.919089000000001,0.48617399999999833,0.008294483,0.010377255963697965,0.00021064288835168597
20251017142-022,20251017142-734,260.3287866285018,58.05042418205575,18.84062,17.493610600000004,1.3470093999999975,0.028717803,0.0458685588144342,8.07872025269602e-05
20251017142-022,20251017142-734,260.3616186044036,58.08357406866783,18.809011,17.899203,0.9098080000000017,0.039274145,0.05242114768269101,0.00025965553960459426
20251017142-022,20251017142-734,260.3205380843461,58.02037180701526,11.71847,11.354937000000001,0.36353299999999855,0.004173184,0.006579857847815939,0.00014840241116479162
20251017142-022,20251017142-734,260.3033503074999,58.00278368739458,16.674459,16.155571000000002,0.5188879999999969,0.017785883,0.02196774939585141,0.0003248059211614532
20251017142-022,20251017142-734,260.2646828542157,57.95228232788648,17.78429,16.492603000000003,1.291686999999996,0.023385365,0.035965851197736806,0.0006937048714576551
20251017142-022,20251017142-734,260.3537042943839,58.060370072396225,17.761425000000003,17.177149,0.5842760000000027,0.023992144,0.030498714321545703,0.0001380698746072235
20251017142-022,20251017142-734,260.3427422458245,58.037565432481784,19.6744913,18.571366,1.1031252999999985,0.07430299,0.09649176713768459,5.3836735534199985e-05
20251017142-022,20251017142-734,260.3332085292368,58.0219776274013,16.377389,15.705177,0.672212,0.0101506645,0.01311074744093243,0.00019655422709599597
20251017142-022,20251017142-734,260.3087794456343,57.99166994254482,15.820818000000001,15.144852000000002,0.675965999999999,0.008355579,0.010752195319984375,0.00040647979149792065
20251017142-022,20251017142-734,260.2632528906946,57.93315458477223,18.623754,17.5540707,1.0696833000000012,0.046155293,0.06464124711380691,0.0008369749565324438
20251017142-022,20251017142-734,260.35316547147306,58.04024101251767,17.070498999999998,16.338265,0.7322339999999983,0.0131504405,0.017488133629939024,8.80987294774269e-05
20251017142-022,20251017142-734,260.3956028307091,58.08884836182095,19.6108135,18.4488294,1.161984099999998,0.07045657,0.0945551384081505,0.0003135101035803877
20251017142-022,20251017142-734,260.3757643353716,58.05447197690792,19.3185395,17.812203600000004,1.5063358999999963,0.039990775,0.06567147554811772,3.0500891881291645e-05
20251017142-022,20251017142-734,260.36585239378206,58.038666514079736,17.84409,16.681919,1.1621710000000007,0.019117787,0.02847971827041962,0.00011103808514380375
20251017142-022,20251017142-734,260.17347525690593,58.099177715615795,18.670078,17.071466,1.5986119999999993,0.028999666,0.050978584281125935,0.0003895265712187727
20251017142-022,20251017142-734,260.08311988531887,57.98809651633523,19.0665306,18.408116500000002,0.6584140999999981,0.08613785,0.110392881455806,0.0003516252137249055
20251017143-456,20251017144-208,259.99327814681754,57.912139360324446,16.505333999999998,15.601737000000002,0.903596999999996,0.0133051565,0.01881176082150717,5.180382244306113e-05
20251017143-456,20251017144-208,259.99019230897096,57.90974581073061,18.9948463,17.8885755,1.1062707999999972,0.05684914,0.08130291075545285,8.117573650845692e-05
20251017143-456,20251017144-208,259.9823688385211,57.89683622509936,18.769567,17.684875400000003,1.0846915999999958,0.043170415,0.05994021845649484,5.217958133488723e-05
20251017143-456,20251017144-208,260.04362747586845,57.972381147308646,18.8438883,17.930406,0.9134822999999983,0.06342077,0.08974518199411319,0.0001274394241412932
20251017143-456,20251017144-208,260.0344354699564,57.95941209798712,18.5189934,16.797344000000002,1.7216493999999969,0.029394804,0.057004222410718314,8.691334238532514e-05
20251017143-456,20251017144-208,260.02409903772286,57.939816595731735,17.509028999999998,16.3602385,1.148790499999997,0.01882548,0.02734850953233832,7.015552636411346e-05
20251017143-456,20251017144-208,259.9554003412084,57.85019502386167,18.899619,17.7216224,1.1779966000000002,0.04572078,0.06240335698093493,0.00015715680123658073
20251017143-456,20251017144-208,260.006619269969,57.91167291223671,16.850102,15.272902000000002,1.5771999999999977,0.012121609,0.018188424203796134,4.5324291484404445e-05
20251017143-456,20251017144-208,259.94204601637205,57.83057241066095,18.6228223,16.187672,2.4351503,0.018300006,0.03912861108903976,0.00011460261630937461
20251017143-456,20251017144-208,259.9875518242291,57.88271568206996,19.151854,18.2642893,0.8875646999999987,0.06337673,0.08184994285683746,0.00011800439778203347
20251017143-456,20251017144-208,259.9709459108348,57.86052600542511,18.580891,17.35255,1.2283410000000003,0.033618636,0.04652064429116863,6.899890375563536e-05
20251017143-456,20251017144-208,259.9857556546711,57.8785600038943,19.0641823,17.946028000000002,1.118154299999997,0.04809744,0.0666685136570916,8.891088933610831e-05
20251017143-456,20251017144-208,260.0028425176164,57.89624988283239,18.025933,16.702506,1.3234269999999988,0.022206938,0.032993482352407115,7.152123641325812e-05
20251017143-456,20251017144-208,260.0713178762479,57.98125420348444,18.535321,18.342282,0.19303899999999885,0.06134502,0.0738242732681103,2.1615557091225888e-05
20251017143-456,20251017144-208,260.03009809897173,57.92870201765987,17.394257,16.297466,1.0967909999999996,0.016046103,0.02320527981670486,6.0370462415313004e-05
20251017143-456,20251017144-208,259.96562544395636,57.8435158976464,15.526283999999999,13.281505000000001,2.2447789999999976,0.007443107,0.043791585313408654,0.00010053601299701147
20251017143-456,20251017144-208,259.9870691575301,57.87303666531625,19.0435595,18.019068700000002,1.0244907999999988,0.063851416,0.08489949648371468,0.00012283471838112753
20251017143-456,20251017144-208,260.04592632180413,57.94598970883962,19.653115999999997,18.813089,0.8400269999999956,0.09432376,0.12716201138895886,0.00011703956149339227
20251017143-456,20251017144-208,260.0107192725616,57.90149076823553,19.2717137,18.77823,0.49348369999999875,0.09250847,0.10884247644446261,0.00010101833113272519
20251017143-456,20251017144-208,260.0022162888469,57.88238569998074,19.430847,18.4838185,0.9470284999999983,0.06928921,0.08788564074430476,0.0001122355417737037
20251017143-456,20251017144-208,260.0922888499703,57.97380532572532,11.792347,11.104241000000002,0.6881059999999977,0.013736615,0.02002476627532619,9.141692822472944e-05
20251017143-456,20251017144-208,260.10790029318275,57.97389227575697,15.438417,14.963145,0.4752719999999986,0.013595081,0.019554070954124158,0.00011087271939285669
20251017143-456,20251017144-208,260.02685058245606,57.90758898680711,18.752818599999998,17.140003,1.6128155999999976,0.033085063,0.05759105425366454,6.367834005919143e-05
20251017143-456,20251017144-208,260.0712474391921,57.961801421420894,16.7626395,15.860880000000002,0.9017594999999972,0.01377218,0.02005369627451069,7.253335870814655e-05
20251017143-456,20251017144-208,259.99047633573593,57.85969917223821,19.6903977,18.760516600000003,0.9298810999999958,0.078928575,0.10009714533795021,8.698490879235781e-05
20251017143-456,20251017144-208,260.031016914946,57.90903333165808,19.3641276,18.487132000000003,0.8769955999999972,0.063193984,0.08370771655100193,9.7786214836629e-06
20251017143-456,20251017144-208,260.06166243377095,57.94035580841951,19.51252,18.623363400000002,0.8891565999999962,0.07891454,0.10940973637666668,0.00020440886197366882
20251017143-456,20251017144-208,260.0080760089081,57.85843361428837,19.425697,18.318335,1.1073619999999984,0.065928474,0.08893233828614357,5.8258473488798805e-05
20251017143-456,20251017144-208,260.07089063619037,57.93669578217752,18.6819696,17.69543,0.9865395999999969,0.035600897,0.04976024452896317,6.645985735423216e-05
20251017143-456,20251017144-208,259.9901752914016,57.83488518315619,18.021715,16.317115,1.7045999999999992,0.019956227,0.03218677273447857,8.107289233049117e-05
20251017143-456,20251017144-208,260.0287571630473,57.87696138487341,18.662597599999998,17.507291300000002,1.155306299999996,0.044006795,0.061848827572522545,5.741413619560946e-05
20251017143-456,20251017144-208,260.0988609929019,57.96326144276335,18.325187,17.6266198,0.6985671999999994,0.039057218,0.053807421205524696,6.14879487391837e-05
20251017143-456,20251017144-208,260.0222960684225,57.86232453562921,13.892380999999999,12.793614000000002,1.098766999999997,0.005433823,0.01116518471328164,7.349101449589333e-05
20251017143-456,20251017144-208,259.98205803061705,57.8144953535107,18.212455,17.027452000000004,1.1850029999999947,0.026999786,0.037233146241296616,0.00012415209226669823
20251017143-456,20251017144-208,260.0432286025717,57.886788858521825,19.345678,18.3735384,0.9721395999999984,0.054983195,0.07275776087567484,4.8250721856432986e-05
20251017143-456,20251017144-208,260.07791954915643,57.92473691401585,16.4641,15.755859000000001,0.7082409999999975,0.013503444,0.017886493041319222,3.321858189118536e-05
20251017143-456,20251017144-208,260.10215292057944,57.9522063990421,18.815886,18.0197462,0.7961397999999988,0.04211509,0.05563785719907085,0.00019927076655971822
20251017143-456,20251017144-208,260.04456080991986,57.871143863255924,16.746177,16.095757,0.6504200000000004,0.015344521,0.019755914602304723,6.12216402796879e-05
20251017143-456,20251017144-208,260.10078582556525,57.94044452320438,18.9142065,18.0679407,0.8462657999999976,0.056787044,0.07568952421077527,0.0001055058690850969
20251017143-456,20251017144-208,260.0654619002469,57.895330759390376,18.6238947,17.6466436,0.9772511000000002,0.037304766,0.050111518637323854,2.9312215501732416e-05
20251017143-456,20251017144-208,260.0642235616487,57.89170832638227,19.357332,18.515357,0.8419749999999979,0.06984877,0.08949517929053895,5.467823298470117e-05
20251017143-456,20251017144-208,260.0220051275017,57.83834809929982,18.7748694,17.5187783,1.256091099999999,0.043814592,0.06133666547153394,0.0003544163619976382
20251017143-456,20251017144-208,260.0612120670826,57.88407688801283,18.700350999999998,17.9896907,0.7106602999999971,0.062553085,0.0778887189346578,8.16126616431134e-05
20251017143-456,20251017144-208,260.12992970246137,57.968140574787576,18.117137999999997,17.300710000000002,0.8164279999999948,0.034394674,0.0480297288925086,6.476553140123178e-05
20251017143-456,20251017144-208,260.0408755315468,57.857786058985354,19.7815594,18.0988616,1.6826977999999997,0.049748432,0.08675240234868788,0.00011082054633021777
20251017143-456,20251017144-208,260.1140775715256,57.94781737741444,17.9129,16.877167,1.0357330000000005,0.023403224,0.03343476245435029,0.00010712167705415129
20251017143-456,20251017144-208,260.1083215104383,57.93783693436989,18.5155635,16.276794000000002,2.2387694999999965,0.014663861,0.03256160720290417,8.425339214710366e-05
20251017143-456,20251017144-208,260.0114587189741,57.81593512552655,19.897111,18.6638455,1.2332654999999981,0.07860416,0.10507533916999984,7.290967335320553e-05
20251017143-456,20251017144-208,260.07067014547795,57.88669683675417,18.382464,17.344016500000002,1.0384474999999966,0.03432933,0.047215449353038036,0.0002289057668305012
20251017143-456,20251017144-208,260.06722425203486,57.88220356422542,18.010454,16.820457,1.1899969999999982,0.027172692,0.038882969800864794,4.713019872499502e-05
20251017143-456,20251017144-208,260.0563482572567,57.86643166639452,18.157288,16.880192,1.2770960000000002,0.028368756,0.04097775520102681,5.72213111359148e-05
20251017143-456,20251017144-208,260.1004464740043,57.920898537576036,19.291527199999997,18.4797744,0.8117527999999972,0.06502853,0.0849329150576112,2.8950398758614645e-05
20251017143-456,20251017144-208,260.11351830445255,57.93659356775932,18.545192,17.677418000000003,0.8677739999999972,0.041365717,0.05560837847673059,3.3350828096792375e-05
20251017143-456,20251017144-208,260.13819663266304,57.96647548655602,17.953017,17.318669,0.6343479999999992,0.034749873,0.045219844855670814,8.420178311652359e-05
20251017143-456,20251017144-208,260.1026169125495,57.920714771555026,19.276875,18.452655,0.8242200000000004,0.063674845,0.08402646213820754,0.0001143160989371365
20251017143-456,20251017144-208,260.0180748078096,57.81285120284424,18.5927195,17.754382,0.8383375000000015,0.046125863,0.0568516485765573,8.884764346293843e-05
20251017143-456,20251017144-208,260.0257205171596,57.82332257872941,19.711751999999997,18.584673000000002,1.1270789999999948,0.07271397,0.09472640128418529,0.00014391217843563758
20251017143-456,20251017144-208,260.12158512570613,57.93836121793491,19.335773,17.028766,2.3070069999999987,0.028025921,0.07202009208538851,2.7469809422348138e-05
20251017143-456,20251017144-208,260.10405729063933,57.91401458321654,19.0554166,18.078401,0.9770156000000014,0.038720306,0.05305458028491256,7.146921170451766e-05
20251017143-456,20251017144-208,260.0723884073328,57.87104996914548,14.501913499999999,13.894775000000001,0.6071384999999978,0.004936395,0.007704715565712358,6.965289906068979e-05
20251017143-456,20251017144-208,260.03143904899423,57.81710743541359,15.733317999999999,12.993010000000002,2.740307999999997,0.008413763,0.03457742097454549,0.00011680902484782548
20251017143-456,20251017144-208,260.0511404517579,57.84493734654293,18.305968999999997,17.481166,0.8248029999999957,0.03501445,0.043830555000160566,0.00014649384679358456
20251017143-456,20251017144-208,260.05576191918516,57.84769864522437,18.639087699999997,17.406841,1.2322466999999975,0.033263184,0.04636103666983144,4.388333182009968e-05
20251017143-456,20251017144-208,260.12788251433665,57.93202298344137,12.721589999999999,11.609566000000001,1.1120239999999981,0.007671748,0.011772946126775916,5.965385031840426e-05
20251017143-456,20251017144-208,260.06605540830697,57.85818594796994,18.835929399999998,17.952187000000002,0.8837423999999956,0.044195335,0.055978147762754005,0.0003009373764982418
20251017143-456,20251017144-208,260.03230561864166,57.81230013794859,16.363211999999997,14.960628000000002,1.4025839999999956,0.012928139,0.023472381197733667,0.00010283423862533551
20251017143-456,20251017144-208,260.0274995225731,57.80351055310068,17.873858,16.78622,1.0876379999999983,0.0269421,0.03707256209087627,0.00011827274904000844
20251017143-456,20251017144-208,260.12211092967334,57.92018181657946,17.4295735,17.233768,0.19580549999999874,0.026256233,0.030925207777112475,7.59210147050621e-05
20251017143-456,20251017144-208,260.12975977075723,57.92524502062726,13.936646999999999,13.358023000000001,0.5786239999999978,0.0060401163,0.00961742229566003,2.904452388278556e-05
20251017143-456,20251017144-208,260.0484480310757,57.82678727080332,18.765373699999998,17.462109,1.3032646999999962,0.043938097,0.06161064144030241,0.00011059075185380968
20251017143-456,20251017144-208,260.11335227052257,57.90699519980464,18.92126,17.919041,1.0022190000000002,0.04385854,0.06114435902207788,0.00015069375380853065
20251017143-456,20251017144-208,260.1200713277068,57.910532609679905,18.701501999999998,17.196184000000002,1.5053179999999955,0.022256846,0.0361454907934301,9.122703365675642e-05
20251017143-456,20251017144-208,260.08493440602103,57.86614809765716,18.72019,17.6289606,1.0912293999999996,0.03378562,0.04639954408872382,6.130529149920006e-05
20251017143-456,20251017144-208,260.07756921072615,57.855110796179176,16.7181,16.142444,0.5756559999999986,0.013805427,0.01751677706452788,6.988671821308152e-05
20251017143-456,20251017144-208,260.0752045582409,57.85158606249545,19.395025,16.924034,2.4709910000000015,0.025202867,0.06048658979816952,5.261930126202077e-05
20251017143-456,20251017144-208,260.1068425761175,57.88459214977136,12.212072,11.570863000000001,0.6412089999999981,0.006887829,0.012627824558844727,4.4398340543635565e-05
20251017143-456,20251017144-208,260.11772213390464,57.885004967859516,12.246378,11.725454000000001,0.520923999999999,0.0064420607,0.009799255492323985,4.7612354815479756e-05
20251017143-456,20251017144-208,260.16346800114894,57.95733096650393,18.544117999999997,17.883613500000003,0.6605044999999947,0.044662632,0.058331032491972266,8.508183023768797e-05
20251017143-456,20251017144-208,260.1677211977138,57.95906280857484,16.913547,15.501638000000002,1.4119089999999996,0.012282721,0.019949846328427345,0.0001064201524927337
20251017143-456,20251017144-208,260.14826401017456,57.935441984829964,18.840961999999998,18.186875,0.654086999999997,0.055177882,0.07018066168365007,8.63810491907429e-05
20251017143-456,20251017144-208,260.1312129557956,57.91971336842991,17.965486,17.484545,0.48094099999999784,0.035180163,0.043109001325806404,2.6989935485717525e-05
20251017143-456,20251017144-208,260.1590952334134,57.94847876597589,19.145809999999997,18.5183095,0.6275004999999965,0.08357313,0.10473979334246274,0.00020458337566084595
20251017143-456,20251017144-208,260.13633345480895,57.91535028896007,15.559272,14.938861000000001,0.6204109999999989,0.0085837515,0.01168804751433858,1.890543172171008e-05
20251017143-456,20251017144-208,260.0728918756054,57.835000529143,19.582030699999997,18.023874,1.5581566999999978,0.049456615,0.07798737466331446,5.3962407562531354e-05
20251017143-456,20251017144-208,260.1200972702318,57.89248189287035,18.8459716,18.0141415,0.8318300999999977,0.0422091,0.05640707957528226,6.03386558895787e-05
20251017143-456,20251017144-208,260.1436629879777,57.909061254029055,17.755794,17.358805000000004,0.3969889999999978,0.03118931,0.037618712216883836,2.682442113771259e-05
20251017143-456,20251017144-208,260.077448570442,57.825811308757466,19.183829799999998,17.6273236,1.5565061999999976,0.050932273,0.07949358672535889,4.4302944546733956e-05
20251017143-456,20251017144-208,260.16803943447155,57.93827854327703,18.758711299999998,17.926389,0.8323222999999977,0.046648048,0.06256576844871516,3.940139515860455e-05
20251017143-456,20251017144-208,260.142340264595,57.90365005025326,16.233755,15.693621000000002,0.5401339999999966,0.0099624405,0.012644717567622032,3.596679769479788e-05
20251017143-456,20251017144-208,260.11233164843634,57.86405647749597,18.173429,17.6587643,0.5146646999999973,0.045742463,0.05436308575893124,0.0001161076119142681
20251017143-456,20251017144-208,260.1293921985423,57.884136568185795,18.5088825,17.593902,0.9149804999999986,0.031220574,0.04223915617774356,0.0001265242656762179
20251017143-456,20251017144-208,260.1553406181949,57.91610085893899,17.480592,17.101373000000002,0.3792189999999991,0.023221929,0.027971693444663125,2.479728646257516e-05
20251017143-456,20251017144-208,260.14940060715594,57.9089916714662,19.0853576,18.324826,0.7605315999999966,0.061678957,0.07925425631357504,0.00011381775580555878
20251017143-456,20251017144-208,260.14721532432907,57.901998224705984,19.350093,18.4693446,0.8807484000000017,0.055918563,0.07348133898389012,5.988101859045024e-05
20251017143-456,20251017144-208,260.08801520505017,57.824229713614365,18.2343745,16.785335000000003,1.4490394999999978,0.025332905,0.037905783561258156,7.616165117877944e-05
20251017143-456,20251017144-208,260.1424834353303,57.892146790321156,17.9345765,16.617761,1.316815499999997,0.020867769,0.03164947353382742,3.454247037145488e-05
20251017143-456,20251017144-208,260.0690954435953,57.78892077618934,17.4947085,15.859638000000002,1.6350704999999994,0.017309038,0.029113359979492714,8.498805878862582e-05
20251017143-456,20251017144-208,260.12093506768457,57.84751106137182,15.402069,14.811805000000001,0.5902639999999977,0.008272967,0.011347646441169774,6.428356942831627e-05
20251017143-456,20251017144-208,260.0744987486022,57.78647937704102,17.826473999999997,16.074088000000003,1.7523859999999942,0.01811274,0.030829725244921724,9.71655488458816e-05
20251017143-456,20251017144-208,260.136878625252,57.862161855911154,17.534618000000002,15.918673000000002,1.615945,0.012970308,0.020761998691409482,1.133572440258581e-05
20251017143-456,20251017144-208,260.14091574200484,57.865941986620896,19.1277117,18.068249,1.0594626999999974,0.0446148,0.06404797177375665,8.210813505976946e-05
20251017143-456,20251017144-208,260.1430404022822,57.865602086462246,16.862001999999997,16.335718,0.5262839999999969,0.014191148,0.017599553685190544,3.6252402458608836e-05
20251017143-456,20251017144-208,260.1908509808551,57.928025603214216,18.772199999999998,17.906732,0.8654679999999964,0.053681128,0.07181243630409696,0.00010414233517686483
20251017143-456,20251017144-208,260.2076969264187,57.946062775221336,19.12284,18.4479346,0.6749054000000001,0.080352806,0.10353213571536152,9.891142812246162e-05
20251017143-456,20251017144-208,260.1319751073591,57.84859621384905,18.6839843,17.536151,1.1478332999999985,0.02800508,0.038904117886622354,0.00010218212236418563
20251017143-456,20251017144-208,260.18645996909777,57.91641236677708,19.3575043,18.496401000000002,0.8611032999999964,0.056785233,0.07586498922442969,0.00010001564416674375
20251017143-456,20251017144-208,260.16348684631413,57.87627527762059,19.326003,18.445191,0.8808119999999988,0.05492479,0.07231051921022072,2.333239568047502e-05
20251017143-456,20251017144-208,260.1732848924853,57.8878670205558,19.236131,18.4158115,0.8203195000000001,0.110107705,0.14006139917040178,2.902905304516578e-05
20251017143-456,20251017144-208,260.1575584585022,57.86367692307946,18.151325999999997,17.438389,0.7129369999999966,0.03781914,0.04728985436668648,6.146241830112699e-05
20251017143-456,20251017144-208,260.2004548504592,57.91559546402986,18.771774999999998,17.897227,0.8745479999999972,0.06867241,0.09244378097009362,0.00037437738366984954
20251017143-456,20251017144-208,260.2208838163569,57.94092180743649,18.829268,18.181054500000002,0.6482134999999971,0.056140188,0.07291119471403719,8.321392641819477e-05
20251017143-456,20251017144-208,260.13975583273356,57.83875445125069,18.145719,16.652691,1.493027999999999,0.017121837,0.0261463651357281,7.718044096823315e-05
20251017143-456,20251017144-208,260.18672867104544,57.89068260706148,17.004116,15.347616000000002,1.6564999999999976,0.010359953,0.016990555968494088,7.615281171585234e-06
20251017143-456,20251017144-208,260.2208838950296,57.932629754420304,17.644348,16.244015,1.4003329999999998,0.020618703,0.03358786366987686,6.0443044012413414e-05
20251017143-456,20251017144-208,260.16756814158884,57.86529756657964,19.318725999999998,18.271556,1.0471699999999977,0.06899041,0.09564221946395117,9.492402888166202e-05
20251017143-456,20251017144-208,260.16000482325074,57.851604063876536,19.4157643,17.6855883,1.7301760000000002,0.036611296,0.06657000047378236,6.484906991301066e-05
20251017143-456,20251017144-208,260.1208008882331,57.79614230364233,15.453392,13.754581000000002,1.6988109999999974,0.012137703,0.038076159065466526,0.00012106750953993093
20251017143-456,20251017144-208,260.2149638898758,57.91368655312969,15.399016999999999,14.867612000000001,0.5314049999999977,0.008924242,0.01248924391024693,2.0356067113626274e-05
20251017143-456,20251017144-208,260.16605117716443,57.85419804498463,18.583179,17.4234,1.1597790000000003,0.030892882,0.045545405282622894,5.1434328352048814e-05
20251017143-456,20251017144-208,260.165455567308,57.84720886704504,19.019792,17.9432434,1.0765485999999989,0.03914825,0.05376002455321798,3.4087886756833375e-05
20251017143-456,20251017144-208,260.2239860414703,57.911136974281504,18.030434999999997,16.997496,1.0329389999999954,0.01993422,0.027324417927394172,4.721544765576904e-05
20251017143-456,20251017144-208,260.18564409833755,57.86091364461873,19.253487999999997,18.186873000000002,1.0666149999999952,0.061091308,0.08574443272321106,0.0001250305755901812
20251017143-456,20251017144-208,260.15484464659687,57.81557941395427,19.73818,18.4624795,1.2757004999999992,0.060542807,0.08430788003086573,0.00017406349191713261
20251017143-456,20251017144-208,260.12447265217565,57.77608687413512,19.2989692,18.084329500000003,1.2146396999999958,0.056089133,0.07534993635533621,0.00017717338718252116
20251017143-456,20251017144-208,260.18082571772356,57.84517206229963,19.255133999999998,18.1397957,1.1153382999999977,0.061340544,0.08550567554791969,0.0002164722760787403
20251017144-929,20251017145-642,260.6027071420075,58.032837043499455,16.3961,14.941837,1.454263000000001,0.01019148,0.015884189311275065,3.9140082163567794e-05
20251017144-929,20251017145-642,260.4788224974508,57.87753005750045,13.896893,13.223424,0.6734690000000008,0.0047247107,0.0061210562553224305,0.00013796068725373964
20251017144-929,20251017145-642,260.5028859355541,57.904221405350405,18.060035,16.501145,1.558889999999998,0.018442798,0.02834460324127258,0.00012098119161878974
20251017144-929,20251017145-642,260.30733665463777,57.95455259756458,16.509028,16.015394,0.49363400000000013,0.017139668,0.020966308412719514,7.712945011533673e-05
20251017144-929,20251017145-642,260.29234202837955,57.93563646029199,18.576312,17.632842,0.9434700000000014,0.04884329,0.06470510387771877,8.782491099272913e-05
20251017144-929,20251017145-642,260.3953055825052,58.0589481695839,16.826045999999998,16.249367999999997,0.5766780000000011,0.020749,0.02568876454137879,0.00015092139123807258
20251017144-929,20251017145-642,260.3143261362113,57.958012084615845,18.695186,17.790454,0.9047319999999992,0.047859445,0.06268562848720691,0.00011458767524981133
20251017144-929,20251017145-642,260.3368391497032,57.97877503254719,19.404757,17.859148599999997,1.5456084000000025,0.06399566,0.10622530415387474,0.0001935337081071092
20251017144-929,20251017145-642,260.29531728367243,57.915372268638365,17.890816,16.966444,0.9243720000000017,0.03663658,0.04927780764778426,3.483833717980256e-05
20251017144-929,20251017145-642,260.3619247308508,57.995425109050814,16.569859,16.041114999999998,0.5287440000000032,0.018497301,0.022784828786925324,0.00010563506387099316
20251017144-929,20251017145-642,260.3319966543347,57.95435143529619,19.8903854,17.169646999999998,2.720738400000002,0.028567094,0.09134647877463428,6.483555385528913e-05
20251017144-929,20251017145-642,260.4045698222094,58.04017733108202,18.880523,16.616219,2.264303999999999,0.023532096,0.05317685981078134,0.0001254797122960813
20251017144-929,20251017145-642,260.3910096524962,58.02036556115584,16.588186999999998,16.098382,0.48980499999999694,0.013833171,0.016809492092721482,0.00011619333674162587
20251017144-929,20251017145-642,260.32450275800204,57.93929735931482,18.895106,17.9733263,0.9217796999999983,0.05155235,0.06863726449219039,0.00014519875119927187
20251017144-929,20251017145-642,260.34437650969375,57.96020237873391,17.660351,16.23122,1.4291309999999982,0.016260061,0.025133725796605045,0.00017547174462809086
20251017144-929,20251017145-642,260.3856144477954,58.007366540922106,18.496264,17.049121,1.4471430000000005,0.023188017,0.03641351936148191,5.3322788237224985e-05
20251017144-929,20251017145-642,260.37853568789825,57.99233331960711,14.78149,14.171907,0.6095830000000007,0.0065062484,0.008220887342883587,7.574018529341782e-05
20251017144-929,20251017145-642,260.3617422699368,57.97296005223694,19.4710696,18.1415254,1.3295442000000008,0.070624694,0.09795455662202619,7.81015500977915e-05
20251017144-929,20251017145-642,260.4063995410247,58.02198657354105,18.380917,17.137687,1.2432300000000005,0.031544678,0.04554664321359022,0.00011120958545793185
20251017144-929,20251017145-642,260.3375439838672,57.934629401750286,15.32091,14.614491,0.7064190000000004,0.0083380835,0.01069735410578098,6.0038021287381244e-05
20251017144-929,20251017145-642,260.44098708179934,58.05885189336074,13.754097999999999,12.996148,0.7579499999999992,0.0036965832,0.00475685681353247,9.40885588795593e-05
20251017144-929,20251017145-642,260.3382479369768,57.9306970352612,16.363459,15.624338999999999,0.7391199999999998,0.013975422,0.017887616084437105,6.760655825948e-05
20251017144-929,20251017145-642,260.38288511558835,57.982854853198475,16.237408000000002,15.656009,0.5813990000000029,0.011783471,0.014260776099381024,9.28034036707807e-05
20251017144-929,20251017145-642,260.4073590185392,58.014454589003975,19.401943,18.575263999999997,0.8266790000000022,0.077169046,0.09714993794089483,8.758547979566431e-05
20251017144-929,20251017145-642,260.4523565416114,58.051480139446625,17.00627,16.241171,0.7650989999999993,0.014969518,0.01913567384427912,9.573629422055053e-05
20251017144-929,20251017145-642,260.4033217065405,57.976921877569794,19.423013,18.620252999999998,0.8027600000000028,0.087030984,0.10969696295234731,1.681467650671009e-05
20251017144-929,20251017145-642,260.3743661806551,57.937565462962354,16.633558,16.189016,0.444542000000002,0.015855717,0.019079483463136888,6.735660776068496e-05
20251017144-929,20251017145-642,260.370070157925,57.931778970942304,17.978264,17.408907,0.5693570000000001,0.04293444,0.052225491762047424,4.536553640346246e-05
20251017144-929,20251017145-642,260.4590172396866,58.02953330827751,16.459049,15.953610999999999,0.5054380000000016,0.015094077,0.018473278851800456,6.589682416945128e-05
20251017144-929,20251017145-642,260.42095484599406,57.98112678180298,17.100172999999998,16.531033,0.5691399999999973,0.016401501,0.019877307019495423,6.673653489998193e-05
20251017144-929,20251017145-642,260.4786356672115,58.0489825252678,17.176828,16.493083,0.6837450000000018,0.02532111,0.03186403977390069,4.4142732085504284e-05
20251017144-929,20251017145-642,260.4892049161175,58.05057346378838,13.284108999999999,12.772084999999999,0.5120240000000003,0.0033588244,0.004211998785142199,6.507064928064768e-05
20251017144-929,20251017145-642,260.49214475323794,58.04389981860422,14.349385999999999,13.321625,1.027761,0.0038025319,0.005308847869937752,4.902387826481251e-05
20251017144-929,20251017145-642,260.399281436511,57.92942848189848,19.6386373,16.925195,2.7134423000000005,0.02747316,0.08324242757975765,6.427199211209542e-05
20251017144-929,20251017145-642,260.42706102112913,57.95901418231895,18.7073167,18.5330087,0.1743079999999999,0.07053084,0.07796282921253099,8.350432464497566e-05
20251017144-929,20251017145-642,260.46578488542445,58.00517883993254,18.357155,17.5951153,0.762039699999999,0.029358745,0.03680056693474591,0.00011613844445830678
20251017144-929,20251017145-642,260.48884629594636,58.033259261843085,19.5170357,17.652248999999998,1.8647867000000033,0.032149427,0.060183661413881505,1.5854035942529387e-05
20251017144-929,20251017145-642,260.4949405156571,58.03685501905774,18.956765400000002,18.5309936,0.42577180000000325,0.05910909,0.07614300888703113,5.465815721276872e-05
20251017144-929,20251017145-642,260.46153963733786,57.99316050135277,16.994672,15.297092,1.697580000000002,0.008613744,0.014353364162075211,3.376939152552986e-05
20251017144-929,20251017145-642,260.4321206183429,57.95344053489261,17.725025000000002,16.529708999999997,1.1953160000000054,0.018623244,0.029339941982369697,2.5324440144978156e-05
20251017144-929,20251017145-642,260.3973869408087,57.895635227396085,15.771701,15.193871999999999,0.5778290000000013,0.010802104,0.013639303815176638,8.35384358271124e-05
20251017144-929,20251017145-642,260.415094204174,57.91872851460974,18.978028000000002,16.2617775,2.716250500000001,0.020272173,0.0589104767796115,3.6745071917389695e-05
20251017144-929,20251017145-642,260.39839937752345,57.890014884349725,19.5361974,17.6077825,1.9284149,0.056601766,0.11526549726600607,0.0002179719532521165
20251017144-929,20251017145-642,260.41839409973363,57.91201236304829,19.0239065,17.047849999999997,1.976056500000002,0.026480442,0.05070419666613079,0.00012041011634895457
20251017144-929,20251017145-642,260.48724399618317,57.992626370633445,18.531528,17.360200499999998,1.1713275000000039,0.026383866,0.037686681001982185,2.681275483922572e-05
20251017144-929,20251017145-642,260.5041604436171,58.0094584729732,19.4910186,17.7618075,1.7292111000000006,0.04654629,0.08368652295465322,6.0264183886347316e-05
20251017144-929,20251017145-642,260.43295449262996,57.92040764812299,17.360004,16.051811,1.3081929999999993,0.019516284,0.026772971093328286,5.1841737314515236e-05
20251017144-929,20251017145-642,260.52929266428265,58.03789014643863,17.352544,16.817416,0.5351280000000003,0.02052869,0.02473988106690291,5.68360093383753e-05
20251017144-929,20251017145-642,260.53279224968793,58.038328571809274,15.909232,15.129769,0.7794629999999998,0.00822196,0.010610379826438397,3.27692912959987e-05
20251017144-929,20251017145-642,260.4643962404096,57.95023890528471,19.3908456,17.026539999999997,2.3643056000000016,0.021674845,0.05032612988014756,5.755882439392855e-05
20251017144-929,20251017145-642,260.5266579552166,58.02112892976322,18.810185699999998,18.4993397,0.31084599999999796,0.08569264,0.09711058790750784,5.175518131603184e-05
20251017144-929,20251017145-642,260.4748625550478,57.952671762695374,14.02057,13.394347,0.6262229999999995,0.003317908,0.004196060262959874,5.121148917654393e-05
20251017144-929,20251017145-642,260.4572732760146,57.933208509859675,17.807406999999998,16.431604999999998,1.3758020000000002,0.016030136,0.023606799645926085,5.8357759065506594e-05
20251017144-929,20251017145-642,260.5331814908668,58.020572039471034,18.176926,16.327757,1.8491690000000034,0.02030048,0.03728750917681818,3.98738209498829e-05
20251017144-929,20251017145-642,260.53540141945973,58.022100934334176,19.3167126,17.492102,1.8246105999999997,0.042725243,0.07841251200809123,7.63229617586444e-05
20251017144-929,20251017145-642,260.5366640135113,58.01866435307414,18.7758653,18.0684787,0.7073865999999995,0.049715422,0.0614409672995512,4.263546297884162e-05
20251017144-929,20251017145-642,260.48162479785094,57.93821068233216,16.824396999999998,16.358752,0.46564499999999853,0.018171648,0.021695570728992915,5.155559934599165e-05
20251017144-929,20251017145-642,260.44761319732083,57.89455823242983,17.644257,16.585378,1.058879000000001,0.024885297,0.03410696854678681,9.667957286674455e-05
20251017144-929,20251017145-642,260.45489303509316,57.893570308088144,18.880553,17.938879999999997,0.9416730000000015,0.053080928,0.06979795962113226,0.00014559586876170718
20251017144-929,20251017145-642,260.53959194302206,57.99135245852506,14.200974,13.593354,0.6076200000000007,0.0037401512,0.004776394452506769,3.733598034188229e-05
20251017144-929,20251017145-642,260.49251543006153,57.934370955707166,17.698182,16.457565,1.2406170000000003,0.017308822,0.0245522725442548,7.602646889257801e-05
20251017144-929,20251017145-642,260.506689226253,57.95052606960526,19.1536963,16.940302,2.213394300000001,0.028485745,0.05106768147810438,1.1478475104412125e-05
20251017144-929,20251017145-642,260.5080084172414,57.94630318737018,19.751927000000002,17.8982726,1.8536544000000035,0.04514277,0.0847591625344924,9.102483337278243e-05
20251017144-929,20251017145-642,260.5187467326529,57.95402301583103,19.1419037,18.205554,0.936349700000001,0.051801622,0.06731879907187727,1.0708334506215648e-05
20251017144-929,20251017145-642,260.50801031371634,57.933909006805415,13.216482,12.743298999999999,0.4731830000000006,0.0025394345,0.0032267686792558045,9.055149605896644e-05
20251017144-929,20251017145-642,260.50400184210224,57.9314511214494,18.7803114,18.0294176,0.7508938000000001,0.045991655,0.0577921016114319,7.297155370111591e-05
20251017144-929,20251017145-642,260.5855055619492,58.020367217650694,19.09071,18.0215584,1.0691516000000014,0.048032124,0.0658125234611695,0.00015568695493472799
20251017144-929,20251017145-642,260.46864410790045,57.87681412629802,18.508479,17.55019,0.9582890000000006,0.04099044,0.05495904435321997,0.0001864139368563636
20251017144-929,20251017145-642,260.36595957120363,58.038730806661235,17.796867,16.659326,1.1375409999999988,0.02645762,0.037698807206573114,0.0001205821954641199
20251017144-929,20251017145-642,260.3560608552717,58.016386051865055,18.7953074,17.138503,1.6568043999999986,0.030518204,0.05367475743706496,0.00017368112962103813
20251017150-403,20251017151-115,260.4136147423,57.849147023215934,17.105992,16.747296999999996,0.3586950000000044,0.021079907,0.02438006450900885,0.0003015819553777973
20251017150-403,20251017151-115,260.1656996612634,57.84730538228033,19.113296,18.146966,0.9663299999999992,0.07013561,0.09552316027734689,9.769051512105475e-05
20251017150-403,20251017151-115,260.1232001558906,57.79607868697492,15.498823,17.511868399999997,-2.0130453999999975,0.0851962,0.0851962,0.0006539143605453783
20251017150-403,20251017151-115,260.2242833832634,57.91119315119224,18.287385999999998,17.3490504,0.9383355999999985,0.045289837,0.061900875765762614,0.0001341529162415058
20251017150-403,20251017151-115,260.1859136638561,57.8610313515251,19.4392724,18.402604999999998,1.0366674000000025,0.08000267,0.11280806557466447,8.154900716921142e-06
20251017150-403,20251017151-115,260.1245935288252,57.776276247906594,19.0117746,18.1009754,0.9107991999999996,0.07112498,0.0927349719147228,9.565896692971854e-05
20251017150-403,20251017151-115,260.1809884395643,57.84522749386292,19.3303166,18.333275999999998,0.9970406000000018,0.070302665,0.09580567625249886,4.359216559916968e-05
20251017150-403,20251017151-115,260.1189960098565,57.764549680249786,18.5445886,17.9089407,0.6356479000000022,0.07805855,0.09359572650388251,0.00021516339703481468
20251017150-403,20251017151-115,260.1439304437976,57.78840088035905,19.3085723,17.985191699999998,1.3233806000000037,0.056071952,0.08550781324775417,4.5128145625298304e-05
20251017150-403,20251017151-115,260.21517937095575,57.87376415444392,17.925753999999998,17.042187,0.8835669999999993,0.024294421,0.03346300002124857,7.098825038404435e-05
20251017150-403,20251017151-115,260.1825309878539,57.82729427152661,19.4867254,18.306935699999997,1.1797897000000042,0.06836859,0.09884355345112651,0.00011414310518584958
20251017150-403,20251017151-115,260.2149731396065,57.86511868286613,16.070439,15.240294999999998,0.8301440000000024,0.013356863,0.01580502479009413,8.654599186511826e-05
20251017150-403,20251017151-115,260.1554926638744,57.78832528169052,17.059814,16.535722999999997,0.5240910000000021,0.024629878,0.02916931911649823,9.83925715150468e-05
20251017150-403,20251017151-115,260.21250057134705,57.85270287861555,18.336675,17.311773699999996,1.0249013000000033,0.03850783,0.053230427966937756,4.959858694164906e-05
20251017150-403,20251017151-115,260.18211857494765,57.81236412124342,17.167182,15.701394999999998,1.4657870000000024,0.014548429,0.0205609917292733,1.7191455139366908e-05
20251017150-403,20251017151-115,260.1730639213084,57.79918973154048,19.131448,18.495815999999998,0.6356320000000011,0.083181,0.09994210778156723,6.800578998083462e-05
20251017150-403,20251017151-115,260.1894480530207,57.81677021158337,18.9065395,17.845698999999996,1.0608405000000047,0.04993135,0.06822297875304109,0.00010850500397214272
20251017150-403,20251017151-115,260.16757281807054,57.78539777056865,18.287947,16.970760999999996,1.317186000000003,0.03421189,0.051781369820801997,7.480992019674291e-05
20251017150-403,20251017151-115,260.19747365058385,57.82248432585997,18.2742,17.7512826,0.5229174000000008,0.04594272,0.05498360641262539,1.5440663915948806e-05
20251017150-403,20251017151-115,260.21846089368705,57.84578854828651,15.818175,15.389450999999998,0.42872400000000255,0.0135231735,0.015666480479719216,4.599361182358609e-05
20251017150-403,20251017151-115,260.2363644726091,57.865917380350524,19.117303,18.104363,1.0129400000000004,0.064002715,0.08947164328652224,0.0001598276503409568
20251017150-403,20251017151-115,260.26881124253,57.89532016179404,17.37602,16.673728999999998,0.7022910000000024,0.021164268,0.02692386709480109,0.00014131576103666347
20251017150-403,20251017151-115,260.27640832168277,57.90291273969298,17.057637,16.219392999999997,0.8382440000000031,0.019893927,0.025402529147078603,0.00015642850084290435
20251017150-403,20251017151-115,260.2702060975861,57.89288117211208,16.00948,15.431636,0.5778440000000007,0.014360973,0.01721526421278378,0.00013563683752206894
20251017150-403,20251017151-115,260.2957171605342,57.91520327249802,17.803131999999998,17.080917,0.7222149999999985,0.032393128,0.041094853249005865,0.0001173879483565074
20251017150-403,20251017151-115,260.1907931949578,57.78322257257871,19.493958,17.678035599999998,1.8159224000000016,0.044166174,0.08247823600349292,0.00010350032273451516
20251017150-403,20251017151-115,260.25461492383664,57.85617059300594,17.060834999999997,16.255513,0.8053219999999968,0.020011205,0.02588848982582393,0.00011725123385213948
20251017150-403,20251017151-115,260.27372523168464,57.873589078291445,18.864236,17.3950456,1.4691903999999987,0.032567672,0.047480180144229486,0.0001305626389414443
20251017150-403,20251017151-115,260.19569784210114,57.76159710725785,17.155459,16.048253,1.1072060000000015,0.017971786,0.023646584892326863,6.468602454975716e-05
20251017150-403,20251017151-115,260.2320149530451,57.805633931041385,18.6788555,17.150259999999996,1.528595500000005,0.028391464,0.04336732545921867,0.00010411685010130988
20251017150-403,20251017151-115,260.31093349812585,57.90305937403039,19.426317,18.4531435,0.9731735000000015,0.079385675,0.11243914109248446,0.00031184599693435467
20251017150-403,20251017151-115,260.27258107138925,57.85432010844423,18.49184,17.915497,0.5763430000000014,0.037565578,0.04958935775326355,0.00013583304194529608
20251017150-403,20251017151-115,260.2526241428253,57.82255503239597,19.074396999999998,18.040353,1.034043999999998,0.04668777,0.062232674469067294,7.527980321011717e-05
20251017150-403,20251017151-115,260.262053548707,57.833332452090104,19.387187,18.4256505,0.9615365000000011,0.059114553,0.07713313689309809,0.00015742549757401974
20251017150-403,20251017151-115,260.20950324045793,57.76301853345973,19.0759054,18.441945399999998,0.6339600000000019,0.09797913,0.11641699943418658,0.00012121208028100922
20251017150-403,20251017151-115,260.2721709172199,57.83947096913744,18.197608,17.648934699999998,0.5486733000000008,0.037059687,0.044779641293119676,0.00012041620453702823
20251017150-403,20251017151-115,260.20567224095424,57.7554344537986,18.283912,16.358786,1.9251260000000023,0.02557364,0.045239973839509506,3.010182096800852e-05
20251017150-403,20251017151-115,260.3078329970914,57.87927985542989,19.44415,18.372297999999997,1.0718520000000034,0.049141366,0.07082003021398108,0.00027034200769419074
20251017150-403,20251017151-115,260.24555547539785,57.79986316407001,18.522754,16.492148,2.030605999999999,0.019082643,0.03494702421565215,3.2881468345330534e-05
20251017150-403,20251017151-115,260.261763066149,57.819805213365086,18.178421999999998,17.740759999999998,0.43766199999999955,0.037962016,0.04423276817225981,9.89652943095429e-05
20251017150-403,20251017151-115,260.2851897173043,57.844898629219415,16.493702,15.831605999999999,0.662096,0.012423869,0.015269102824129584,0.0001271645543116766
20251017150-403,20251017151-115,260.3094592706791,57.87276503134045,18.633017,17.6939152,0.9391017999999995,0.042516332,0.05771929042242831,0.00017549130717783425
20251017150-403,20251017151-115,260.3109752786976,57.87035337088753,18.762568,17.831053999999998,0.9315140000000035,0.046539493,0.0632439919050012,0.00027748805957965723
20251017150-403,20251017151-115,260.3114302872586,57.86945055304516,18.442815,17.426244999999998,1.0165700000000015,0.03536298,0.04920420003717162,0.00020385744883894095
20251017150-403,20251017151-115,260.25598547199365,57.80225661860577,18.756116,17.9079646,0.848151399999999,0.04556607,0.05740157031466931,7.61247407095897e-05
20251017150-403,20251017151-115,260.2471264546069,57.78945315077557,19.062813,18.166291599999997,0.896521400000001,0.06321307,0.07988297006082352,0.0001782842045068378
20251017150-403,20251017151-115,260.2408502908007,57.77621512501259,16.18856,15.488316999999999,0.7002430000000004,0.013622248,0.01621070012682219,6.171629243337383e-06
20251017150-403,20251017151-115,260.29569688070785,57.83493656749508,13.330737,12.920644999999999,0.41009200000000057,0.006565848,0.006873034741109614,0.00011357850030436059
20251017150-403,20251017151-115,260.2506856894041,57.77719056868271,19.162001699999998,18.203342,0.9586596999999983,0.06699785,0.08667885915404863,0.00015779905506153977
20251017150-403,20251017151-115,260.282781789535,57.811713542816925,16.96141,15.957643999999998,1.0037660000000024,0.014224099,0.018662737828309142,9.753148005581376e-05
20251017150-403,20251017151-115,260.337378171346,57.8766092673372,19.519094,18.7035903,0.8155037000000007,0.07563831,0.09770439952509098,0.00027747461088019164
20251017150-403,20251017151-115,260.30086198861346,57.82579612501438,13.168644,12.056671499999998,1.111972500000002,0.0066588824,0.00709745718758104,0.00016390473655605506
20251017150-403,20251017151-115,260.2313109965107,57.74300378262862,18.9697433,17.9087437,1.0609996000000024,0.06477949,0.08676547685352351,0.00013145571814134475
20251017150-403,20251017151-115,260.2599673959617,57.77540326731426,17.322516,16.598793,0.7237229999999997,0.02349486,0.028751898747781668,7.816672279454236e-06
20251017150-403,20251017151-115,260.2588789082523,57.76910507079218,14.763778,14.499308,0.2644700000000011,0.013142837,0.014282126894137393,1.7267655635450264e-05
20251017150-403,20251017151-115,260.25040422704143,57.759709741839636,18.5468164,16.6229795,1.9238369000000013,0.029602783,0.05380794074716015,7.069806609484672e-05
20251017150-403,20251017151-115,260.2912283607992,57.806918346953154,18.6959353,17.7744607,0.9214745999999998,0.03973637,0.056620322441054936,6.833204779085348e-05
20251017150-403,20251017151-115,260.34251785613566,57.863980086168056,16.924898,15.535004999999998,1.3898930000000007,0.013609852,0.019152952948925658,0.00021251074622379463
20251017150-403,20251017151-115,260.2933323514111,57.79813006172557,18.751035,17.640270599999997,1.1107644000000043,0.033815093,0.045958331649044316,0.00010996344899467201
20251017150-403,20251017151-115,260.3682149949385,57.88577054156604,17.650626,16.335295,1.3153310000000005,0.016028687,0.02269748071971006,0.0003006945074242653
20251017150-403,20251017151-115,260.2779476550478,57.77047302251704,17.8453,16.189538,1.6557620000000028,0.017003255,0.026386240966441675,6.307218919540984e-05
20251017150-403,20251017151-115,260.3589139291369,57.8693347359999,17.301903,15.749051999999999,1.5528510000000004,0.013850616,0.020140098947509694,0.00022621360563291652
20251017150-403,20251017151-115,260.2653549484054,57.75407556059217,19.37464,17.655147399999997,1.7194926000000024,0.05350062,0.09307995228654127,5.222005350537745e-05
20251017150-403,20251017151-115,260.26219963354754,57.74710858362626,16.060622000000002,15.326370999999998,0.734251000000004,0.016453486,0.019452028701268283,5.746666239050153e-06
20251017150-403,20251017151-115,260.34522586405933,57.841431430335305,18.477451000000002,18.315472,0.16197900000000232,0.060489893,0.0682313609502072,0.0001658913648523939
20251017150-403,20251017151-115,260.3976169359855,57.89544698640594,15.778868,15.600361999999999,0.1785060000000005,0.017290313,0.01894077995988365,0.00029131398546577286
20251017150-403,20251017151-115,260.381418289047,57.87265146150243,16.802954999999997,16.380249999999997,0.42270500000000055,0.01710837,0.020113326434474135,0.0002610949702028952
20251017150-403,20251017151-115,260.2715211040145,57.734848724109824,18.567121999999998,17.171706999999998,1.3954149999999998,0.03214789,0.04816815107074621,3.924709702063125e-05
20251017150-403,20251017151-115,260.3574598762049,57.83889168343194,14.871783,14.474892999999998,0.39689000000000263,0.011467583,0.012803172704728855,0.00018603283461603686
20251017150-403,20251017151-115,260.39866129778756,57.889833506087385,19.438361,17.736421,1.7019400000000005,0.04739083,0.09113383100981216,0.0003605883996654644
20251017150-403,20251017151-115,260.37226257112445,57.85484539046271,18.8760605,18.396762699999996,0.47929780000000477,0.0534778,0.0629179453540073,0.00028903541865711287
20251017150-403,20251017151-115,260.3762202191815,57.837741436731704,17.943472999999997,16.68432,1.2591529999999977,0.019600375,0.028966812777623047,0.00026102725141718855
20251017150-403,20251017151-115,260.31446509152136,57.75660374519657,16.925106,16.091184999999996,0.8339210000000037,0.01727781,0.021333861619316392,0.00010177838327671725
20251017150-403,20251017151-115,260.30371050010143,57.733497201954094,17.866612,16.797783,1.068829000000001,0.02532745,0.035148087127427806,4.1351221635262624e-05
20251017150-403,20251017151-115,260.41444873613966,57.870020650659086,18.274727,16.554479,1.720247999999998,0.019318158,0.03256834009432923,0.00034428581583039467
20251017150-403,20251017151-115,260.3819063668037,57.82185771144712,16.538255,15.876336999999998,0.6619180000000018,0.015233395,0.018513165763829643,0.00021452956646964079
20251017150-403,20251017151-115,260.310872342547,57.733279130709086,18.7887483,17.9660157,0.8227326000000019,0.054997392,0.06967474044525794,1.9185996386649556e-05
20251017150-403,20251017151-115,260.30352465905327,57.723842919828584,18.355808,17.142336,1.2134719999999994,0.03885512,0.05421441710896097,0.00012969601730265464
20251017150-403,20251017151-115,260.35256229490335,57.78409143378845,17.311700000000002,16.408645,0.9030550000000019,0.01780802,0.022517751764076624,0.00012420411764035345
